地图编号,地图目录,地图名称,地图进入条件,地图类型,配置文件,地图宽度,地图高度,地图分组,后端分线,开放条件,对应假地图副本,该地图是否可作为返回地图，是否可使用传送符,所用服务器类型,复活坐标,复活cd,复活面板组成,是否可使用连击技,刷新key,角色是否可以重叠,是否安全区能回血回蓝,召唤生效规则,是否支持飞行卷轴使用,是否安全区能回泡点经验,是否接收血色恶魔匹配请求,是否接受被击杀邮件,地图产出绑定天数,客户端判断不过提示,地图是否废弃,是否安全地图,杀人是否增加PK值,地图经验加成,进入地图公告,小地图是否显示boss复活时间,是否支持传送卷轴使用,商业化活动开启时间,活动地图经验加成,地图是否允许组队,是否需要有时间才能进入,角色受击反击是否生效
唯一编号，副本地图预留后三位方便拓展,地图传送列表分组,地图名称,替代之前transfer表中条件,1地图 2副本,配置文件,地图宽度,地图高度,同一分组传送npc配置一致,后端分线假地图填-1 个人副本0 公共副本填1,为空则默认开启每日0点检测,对应假地图组id,默认可以 1不可以,所用服务器类型：1本服 2跨服 3pvp服务器,地图id#x#y 填0代表使用当前出生点复活 ,复活指令发送后cd倒计时结束才复活，填0代表无cd，单位毫秒。 原地复活的cd配gloabl表中,1元宝复活 2江湖币复活 3免费复活 10 死亡地图随机复活（无损） 11 特权复活 13正邪战复活点复活 14累计死亡次数原地复活并赋予玩家buff（江湖乱斗活动用）15仅跨服门派战使用 16副本死亡复活 17 回城复活不扣经验 18 副本出生点通用复活,0=不可以1=可以,填写count表中对应key,0不可以 1可以,0不可以 1可以,1在该地图可召集其他人2在该地图可被召集,0默认为允许1为不允许,0不可以 1可以,1不接收 0或空接收,0是 1否,配置天数,isCheck=1时需要配置文本,0和不填表示启用，1表示废弃,1=安全 0或空=危险,1= 增加 0或空不增加,,,0=不显示，1=显示,0默认为允许1为不允许（传送符+土灵符）,配置活动时间,万分比,1为不允许组队 进入地图内清空组队信息 0或不填为允许组队,1=是,1=不生效，0或不填表示生效
uint#id,uint#index,string#name,Condition4D#enterCondition,uint#type,uint#data,uint#width,uint#height,uint#groupId,uint#line,string#openCondition,uint#virMap,uint#noBack,uint#serverType,string#reliveCoord,uint#reliveCd,string#reliveType,uint#comboSkill,uint#countKey,uint#overlap,uint#restoreHP,string#callType,uint#flyScroll,uint#restoreEXP,uint#orInstanceRequest,uint#killedMail,uint#bindDay,string#tips,uint#disuse,uint#safe,uint#pk,uint#addexperienceRate,string#chatid,uint#bossReviveShow,uint#transmit,Condition3D#commerceCondition,uint#addexperienceRate2,uint#teamLimit,uint#needtime,uint#counterattack
id,index,name,enterCondition,type,data,width,height,groupId,line,openCondition,virMap,noBack,serverType,reliveCoord,reliveCd,reliveType,comboSkill,countKey,overlap,restoreHP,callType,flyScroll,restoreEXP,orInstanceRequest,killedMail,bindDay,tips,disuse,safe,pk,addexperienceRate,chatid,bossReviveShow,transmit,commerceCondition,addexperienceRate2,teamLimit,needtime,counterattack
209001,209001,经验试炼「一」,101#35,2,20900,64,64,209001,0,,,1,1,101#195#281,0,1#2#3#11,0,1371002,,,,1,,1,,,,1,,,,,1,,,,,,
209002,209002,经验试炼「二」,101#40&3601#1#5,2,20900,64,64,209002,0,,,1,1,101#195#281,0,1#2#3#11,0,1371002,,,,1,,1,,,,1,,,,,1,,,,,,
209003,209003,经验试炼「三」,101#45&3601#2#5,2,20900,64,64,209003,0,,,1,1,101#195#281,0,1#2#3#11,0,1371002,,,,1,,1,,,,1,,,,,1,,,,,,
209004,209004,经验试炼「四」,101#50&3601#3#5,2,20900,64,64,209004,0,,,1,1,101#195#281,0,1#2#3#11,0,1371002,,,,1,,1,,,,1,,,,,1,,,,,,
209005,209005,经验试炼「五」,101#55&3601#4#5,2,20900,64,64,209005,0,,,1,1,101#195#281,0,1#2#3#11,0,1371002,,,,1,,1,,,,1,,,,,1,,,,,,
209006,209006,经验试炼「六」,101#60&3601#5#5,2,20900,64,64,209006,0,,,1,1,101#195#281,0,1#2#3#11,0,1371002,,,,1,,1,,,,1,,,,,1,,,,,,
209007,209007,经验试炼「七」,101#65&3601#6#5,2,20900,64,64,209007,0,,,1,1,101#195#281,0,1#2#3#11,0,1371002,,,,1,,1,,,,1,,,,,1,,,,,,
209008,209008,经验试炼「八」,101#70&3601#7#5,2,20900,64,64,209008,0,,,1,1,101#195#281,0,1#2#3#11,0,1371002,,,,1,,1,,,,1,,,,,1,,,,,,
209009,209009,经验试炼「九」,101#75&3601#8#5,2,20900,64,64,209009,0,,,1,1,101#195#281,0,1#2#3#11,0,1371002,,,,1,,1,,,,1,,,,,1,,,,,,
209010,209010,经验试炼「十」,101#80&3601#9#5,2,20900,64,64,209010,0,,,1,1,101#195#281,0,1#2#3#11,0,1371002,,,,1,,1,,,,1,,,,,1,,,,,,
209011,209011,经验试炼「十一」,101#85&3601#10#5,2,20900,64,64,209011,0,,,1,1,101#195#281,0,1#2#3#11,0,1371002,,,,1,,1,,,,1,,,,,1,,,,,,
209012,209012,经验试炼「十二」,101#90&3601#11#5,2,20900,64,64,209012,0,,,1,1,101#195#281,0,1#2#3#11,0,1371002,,,,1,,1,,,,1,,,,,1,,,,,,
209013,209013,经验试炼「十三」,101#95&3601#12#5,2,20900,64,64,209013,0,,,1,1,101#195#281,0,1#2#3#11,0,1371002,,,,1,,1,,,,1,,,,,1,,,,,,
209014,209014,经验试炼「十四」,101#100&3601#13#5,2,20900,64,64,209014,0,,,1,1,101#195#281,0,1#2#3#11,0,1371002,,,,1,,1,,,,1,,,,,1,,,,,,
209015,209015,经验试炼「十五」,101#110&3601#14#5,2,20900,64,64,209015,0,,,1,1,101#195#281,0,1#2#3#11,0,1371002,,,,1,,1,,,,1,,,,,1,,,,,,
209016,209016,经验试炼「十六」,101#120&3601#15#5,2,20900,64,64,209016,0,,,1,1,101#195#281,0,1#2#3#11,0,1371002,,,,1,,1,,,,1,,,,,1,,,,,,
209017,209017,经验试炼「十七」,101#130&3601#16#5,2,20900,64,64,209017,0,,,1,1,101#195#281,0,1#2#3#11,0,1371002,,,,1,,1,,,,1,,,,,1,,,,,,
209018,209018,经验试炼「十八」,101#140&3601#17#5,2,20900,64,64,209018,0,,,1,1,101#195#281,0,1#2#3#11,0,1371002,,,,1,,1,,,,1,,,,,1,,,,,,
209019,209019,经验试炼「十九」,101#150&3601#18#5,2,20900,64,64,209019,0,,,1,1,101#195#281,0,1#2#3#11,0,1371002,,,,1,,1,,,,1,,,,,1,,,,,,
209020,209020,经验试炼「二十」,101#160&3601#19#5,2,20900,64,64,209020,0,,,1,1,101#195#281,0,1#2#3#11,0,1371002,,,,1,,1,,,,1,,,,,1,,,,,,
209021,209021,江湖试炼21层,101#1,2,20900,64,64,209021,0,,,1,1,101#195#281,0,1#2#3#11,0,,,,,1,,1,,,,1,,,,,1,,,,,,
209022,209022,江湖试炼22层,101#1,2,20900,64,64,209022,0,,,1,1,101#195#281,0,1#2#3#11,0,,,,,1,,1,,,,1,,,,,1,,,,,,
209023,209023,江湖试炼23层,101#1,2,20900,64,64,209023,0,,,1,1,101#195#281,0,1#2#3#11,0,,,,,1,,1,,,,1,,,,,1,,,,,,
209024,209024,江湖试炼24层,101#1,2,20900,64,64,209024,0,,,1,1,101#195#281,0,1#2#3#11,0,,,,,1,,1,,,,1,,,,,1,,,,,,
209025,209025,江湖试炼25层,101#1,2,20900,64,64,209025,0,,,1,1,101#195#281,0,1#2#3#11,0,,,,,1,,1,,,,1,,,,,1,,,,,,
209026,209026,江湖试炼26层,101#1,2,20900,64,64,209026,0,,,1,1,101#195#281,0,1#2#3#11,0,,,,,1,,1,,,,1,,,,,1,,,,,,
209027,209027,江湖试炼27层,101#1,2,20900,64,64,209027,0,,,1,1,101#195#281,0,1#2#3#11,0,,,,,1,,1,,,,1,,,,,1,,,,,,
209028,209028,江湖试炼28层,101#1,2,20900,64,64,209028,0,,,1,1,101#195#281,0,1#2#3#11,0,,,,,1,,1,,,,1,,,,,1,,,,,,
209029,209029,江湖试炼29层,101#1,2,20900,64,64,209029,0,,,1,1,101#195#281,0,1#2#3#11,0,,,,,1,,1,,,,1,,,,,1,,,,,,
209030,209030,江湖试炼30层,101#1,2,20900,64,64,209030,0,,,1,1,101#195#281,0,1#2#3#11,0,,,,,1,,1,,,,1,,,,,1,,,,,,
209031,209031,江湖试炼31层,101#1,2,20900,64,64,209031,0,,,1,1,101#195#281,0,1#2#3#11,0,,,,,1,,1,,,,1,,,,,1,,,,,,
209032,209032,江湖试炼32层,101#1,2,20900,64,64,209032,0,,,1,1,101#195#281,0,1#2#3#11,0,,,,,1,,1,,,,1,,,,,1,,,,,,
209033,209033,江湖试炼33层,101#1,2,20900,64,64,209033,0,,,1,1,101#195#281,0,1#2#3#11,0,,,,,1,,1,,,,1,,,,,1,,,,,,
209034,209034,江湖试炼34层,101#1,2,20900,64,64,209034,0,,,1,1,101#195#281,0,1#2#3#11,0,,,,,1,,1,,,,1,,,,,1,,,,,,
209035,209035,江湖试炼35层,101#1,2,20900,64,64,209035,0,,,1,1,101#195#281,0,1#2#3#11,0,,,,,1,,1,,,,1,,,,,1,,,,,,
209036,209036,江湖试炼36层,101#1,2,20900,64,64,209036,0,,,1,1,101#195#281,0,1#2#3#11,0,,,,,1,,1,,,,1,,,,,1,,,,,,
209037,209037,江湖试炼37层,101#1,2,20900,64,64,209037,0,,,1,1,101#195#281,0,1#2#3#11,0,,,,,1,,1,,,,1,,,,,1,,,,,,
209038,209038,江湖试炼38层,101#1,2,20900,64,64,209038,0,,,1,1,101#195#281,0,1#2#3#11,0,,,,,1,,1,,,,1,,,,,1,,,,,,
209039,209039,江湖试炼39层,101#1,2,20900,64,64,209039,0,,,1,1,101#195#281,0,1#2#3#11,0,,,,,1,,1,,,,1,,,,,1,,,,,,
209040,209040,江湖试炼40层,101#1,2,20900,64,64,209040,0,,,1,1,101#195#281,0,1#2#3#11,0,,,,,1,,1,,,,1,,,,,1,,,,,,
209041,209041,江湖试炼41层,101#1,2,20900,64,64,209041,0,,,1,1,101#195#281,0,1#2#3#11,0,,,,,1,,1,,,,1,,,,,1,,,,,,
209042,209042,江湖试炼42层,101#1,2,20900,64,64,209042,0,,,1,1,101#195#281,0,1#2#3#11,0,,,,,1,,1,,,,1,,,,,1,,,,,,
209043,209043,江湖试炼43层,101#1,2,20900,64,64,209043,0,,,1,1,101#195#281,0,1#2#3#11,0,,,,,1,,1,,,,1,,,,,1,,,,,,
209044,209044,江湖试炼44层,101#1,2,20900,64,64,209044,0,,,1,1,101#195#281,0,1#2#3#11,0,,,,,1,,1,,,,1,,,,,1,,,,,,
209045,209045,江湖试炼45层,101#1,2,20900,64,64,209045,0,,,1,1,101#195#281,0,1#2#3#11,0,,,,,1,,1,,,,1,,,,,1,,,,,,
209046,209046,江湖试炼46层,101#1,2,20900,64,64,209046,0,,,1,1,101#195#281,0,1#2#3#11,0,,,,,1,,1,,,,1,,,,,1,,,,,,
209047,209047,江湖试炼47层,101#1,2,20900,64,64,209047,0,,,1,1,101#195#281,0,1#2#3#11,0,,,,,1,,1,,,,1,,,,,1,,,,,,
209048,209048,江湖试炼48层,101#1,2,20900,64,64,209048,0,,,1,1,101#195#281,0,1#2#3#11,0,,,,,1,,1,,,,1,,,,,1,,,,,,
209049,209049,江湖试炼49层,101#1,2,20900,64,64,209049,0,,,1,1,101#195#281,0,1#2#3#11,0,,,,,1,,1,,,,1,,,,,1,,,,,,
209050,209050,江湖试炼50层,101#1,2,20900,64,64,209050,0,,,1,1,101#195#281,0,1#2#3#11,0,,,,,1,,1,,,,1,,,,,1,,,,,,
209051,209051,宠物试炼「一」,101#40,2,20900,64,64,209051,0,,,1,1,101#195#281,0,1#2#3#11,0,1371003,,,,1,,1,,,,1,,,,,1,,,,,,
209052,209052,宠物试炼「二」,101#45&3801#1#5,2,20900,64,64,209052,0,,,1,1,101#195#281,0,1#2#3#11,0,1371003,,,,1,,1,,,,1,,,,,1,,,,,,
209053,209053,宠物试炼「三」,101#50&3801#2#5,2,20900,64,64,209053,0,,,1,1,101#195#281,0,1#2#3#11,0,1371003,,,,1,,1,,,,1,,,,,1,,,,,,
209054,209054,宠物试炼「四」,101#55&3801#3#5,2,20900,64,64,209054,0,,,1,1,101#195#281,0,1#2#3#11,0,1371003,,,,1,,1,,,,1,,,,,1,,,,,,
209055,209055,宠物试炼「五」,101#60&3801#4#5,2,20900,64,64,209055,0,,,1,1,101#195#281,0,1#2#3#11,0,1371003,,,,1,,1,,,,1,,,,,1,,,,,,
209056,209056,宠物试炼「六」,101#70&3801#5#5,2,20900,64,64,209056,0,,,1,1,101#195#281,0,1#2#3#11,0,1371003,,,,1,,1,,,,1,,,,,1,,,,,,
209057,209057,宠物试炼「七」,101#80&3801#6#5,2,20900,64,64,209057,0,,,1,1,101#195#281,0,1#2#3#11,0,1371003,,,,1,,1,,,,1,,,,,1,,,,,,
209058,209058,宠物试炼「八」,101#85&3801#7#5,2,20900,64,64,209058,0,,,1,1,101#195#281,0,1#2#3#11,0,1371003,,,,1,,1,,,,1,,,,,1,,,,,,
209059,209059,宠物试炼「九」,101#90&3801#8#5,2,20900,64,64,209059,0,,,1,1,101#195#281,0,1#2#3#11,0,1371003,,,,1,,1,,,,1,,,,,1,,,,,,
209060,209060,宠物试炼「十」,101#95&3801#9#5,2,20900,64,64,209060,0,,,1,1,101#195#281,0,1#2#3#11,0,1371003,,,,1,,1,,,,1,,,,,1,,,,,,
209061,209061,试炼之地61层,101#1,2,20900,64,64,209061,0,,,1,1,101#195#281,0,1#2#3#11,0,,,,,1,,1,,,,1,,,,,1,,,,,,
209062,209062,试炼之地62层,101#1,2,20900,64,64,209062,0,,,1,1,101#195#281,0,1#2#3#11,0,,,,,1,,1,,,,1,,,,,1,,,,,,
209063,209063,试炼之地63层,101#1,2,20900,64,64,209063,0,,,1,1,101#195#281,0,1#2#3#11,0,,,,,1,,1,,,,1,,,,,1,,,,,,
209064,209064,试炼之地64层,101#1,2,20900,64,64,209064,0,,,1,1,101#195#281,0,1#2#3#11,0,,,,,1,,1,,,,1,,,,,1,,,,,,
209065,209065,试炼之地65层,101#1,2,20900,64,64,209065,0,,,1,1,101#195#281,0,1#2#3#11,0,,,,,1,,1,,,,1,,,,,1,,,,,,
209066,209066,试炼之地66层,101#1,2,20900,64,64,209066,0,,,1,1,101#195#281,0,1#2#3#11,0,,,,,1,,1,,,,1,,,,,1,,,,,,
209067,209067,试炼之地67层,101#1,2,20900,64,64,209067,0,,,1,1,101#195#281,0,1#2#3#11,0,,,,,1,,1,,,,1,,,,,1,,,,,,
209068,209068,试炼之地68层,101#1,2,20900,64,64,209068,0,,,1,1,101#195#281,0,1#2#3#11,0,,,,,1,,1,,,,1,,,,,1,,,,,,
209069,209069,试炼之地69层,101#1,2,20900,64,64,209069,0,,,1,1,101#195#281,0,1#2#3#11,0,,,,,1,,1,,,,1,,,,,1,,,,,,
209070,209070,试炼之地70层,101#1,2,20900,64,64,209070,0,,,1,1,101#195#281,0,1#2#3#11,0,,,,,1,,1,,,,1,,,,,1,,,,,,
209071,209071,坐骑试炼「一」,101#55,2,20900,64,64,209071,0,,,1,1,101#195#281,0,1#2#3#11,0,1371004,,,,1,,1,,,,1,,,,,1,,,,,,
209072,209072,坐骑试炼「二」,101#60&3901#1#5,2,20900,64,64,209072,0,,,1,1,101#195#281,0,1#2#3#11,0,1371004,,,,1,,1,,,,1,,,,,1,,,,,,
209073,209073,坐骑试炼「三」,101#65&3901#2#5,2,20900,64,64,209073,0,,,1,1,101#195#281,0,1#2#3#11,0,1371004,,,,1,,1,,,,1,,,,,1,,,,,,
209074,209074,坐骑试炼「四」,101#70&3901#3#5,2,20900,64,64,209074,0,,,1,1,101#195#281,0,1#2#3#11,0,1371004,,,,1,,1,,,,1,,,,,1,,,,,,
209075,209075,坐骑试炼「五」,101#75&3901#4#5,2,20900,64,64,209075,0,,,1,1,101#195#281,0,1#2#3#11,0,1371004,,,,1,,1,,,,1,,,,,1,,,,,,
209076,209076,坐骑试炼「六」,101#80&3901#5#5,2,20900,64,64,209076,0,,,1,1,101#195#281,0,1#2#3#11,0,1371004,,,,1,,1,,,,1,,,,,1,,,,,,
209077,209077,坐骑试炼「七」,101#85&3901#6#5,2,20900,64,64,209077,0,,,1,1,101#195#281,0,1#2#3#11,0,1371004,,,,1,,1,,,,1,,,,,1,,,,,,
209078,209078,坐骑试炼「八」,101#90&3901#7#5,2,20900,64,64,209078,0,,,1,1,101#195#281,0,1#2#3#11,0,1371004,,,,1,,1,,,,1,,,,,1,,,,,,
209079,209079,坐骑试炼「九」,101#95&3901#8#5,2,20900,64,64,209079,0,,,1,1,101#195#281,0,1#2#3#11,0,1371004,,,,1,,1,,,,1,,,,,1,,,,,,
209080,209080,坐骑试炼「十」,101#100&3901#9#5,2,20900,64,64,209080,0,,,1,1,101#195#281,0,1#2#3#11,0,1371004,,,,1,,1,,,,1,,,,,1,,,,,,
209081,209081,试炼之地81层,101#1,2,20900,64,64,209081,0,,,1,1,101#195#281,0,1#2#3#11,0,,,,,1,,1,,,,1,,,,,1,,,,,,
209082,209082,试炼之地82层,101#1,2,20900,64,64,209082,0,,,1,1,101#195#281,0,1#2#3#11,0,,,,,1,,1,,,,1,,,,,1,,,,,,
209083,209083,试炼之地83层,101#1,2,20900,64,64,209083,0,,,1,1,101#195#281,0,1#2#3#11,0,,,,,1,,1,,,,1,,,,,1,,,,,,
209084,209084,试炼之地84层,101#1,2,20900,64,64,209084,0,,,1,1,101#195#281,0,1#2#3#11,0,,,,,1,,1,,,,1,,,,,1,,,,,,
209085,209085,试炼之地85层,101#1,2,20900,64,64,209085,0,,,1,1,101#195#281,0,1#2#3#11,0,,,,,1,,1,,,,1,,,,,1,,,,,,
209086,209086,试炼之地86层,101#1,2,20900,64,64,209086,0,,,1,1,101#195#281,0,1#2#3#11,0,,,,,1,,1,,,,1,,,,,1,,,,,,
209087,209087,试炼之地87层,101#1,2,20900,64,64,209087,0,,,1,1,101#195#281,0,1#2#3#11,0,,,,,1,,1,,,,1,,,,,1,,,,,,
209088,209088,试炼之地88层,101#1,2,20900,64,64,209088,0,,,1,1,101#195#281,0,1#2#3#11,0,,,,,1,,1,,,,1,,,,,1,,,,,,
209089,209089,试炼之地89层,101#1,2,20900,64,64,209089,0,,,1,1,101#195#281,0,1#2#3#11,0,,,,,1,,1,,,,1,,,,,1,,,,,,
209090,209090,试炼之地90层,101#1,2,20900,64,64,209090,0,,,1,1,101#195#281,0,1#2#3#11,0,,,,,1,,1,,,,1,,,,,1,,,,,,
209091,209091,试炼之地91层,101#1,2,20900,64,64,209091,0,,,1,1,101#195#281,0,1#2#3#11,0,,,,,1,,1,,,,1,,,,,1,,,,,,
209092,209092,试炼之地92层,101#1,2,20900,64,64,209092,0,,,1,1,101#195#281,0,1#2#3#11,0,,,,,1,,1,,,,1,,,,,1,,,,,,
209093,209093,试炼之地93层,101#1,2,20900,64,64,209093,0,,,1,1,101#195#281,0,1#2#3#11,0,,,,,1,,1,,,,1,,,,,1,,,,,,
209094,209094,试炼之地94层,101#1,2,20900,64,64,209094,0,,,1,1,101#195#281,0,1#2#3#11,0,,,,,1,,1,,,,1,,,,,1,,,,,,
209095,209095,试炼之地95层,101#1,2,20900,64,64,209095,0,,,1,1,101#195#281,0,1#2#3#11,0,,,,,1,,1,,,,1,,,,,1,,,,,,
209096,209096,试炼之地96层,101#1,2,20900,64,64,209096,0,,,1,1,101#195#281,0,1#2#3#11,0,,,,,1,,1,,,,1,,,,,1,,,,,,
209097,209097,试炼之地97层,101#1,2,20900,64,64,209097,0,,,1,1,101#195#281,0,1#2#3#11,0,,,,,1,,1,,,,1,,,,,1,,,,,,
209098,209098,试炼之地98层,101#1,2,20900,64,64,209098,0,,,1,1,101#195#281,0,1#2#3#11,0,,,,,1,,1,,,,1,,,,,1,,,,,,
209099,209099,试炼之地99层,101#1,2,20900,64,64,209099,0,,,1,1,101#195#281,0,1#2#3#11,0,,,,,1,,1,,,,1,,,,,1,,,,,,
209100,209100,试炼之地100层,101#1,2,20900,64,64,209100,0,,,1,1,101#195#281,0,1#2#3#11,0,,,,,1,,1,,,,1,,,,,1,,,,,,
209101,209101,神兵塔1层,101#1,2,20900,64,64,209101,0,,,1,1,101#195#281,0,16,0,1371005,,,,1,,1,,,,1,,,,,1,,,,,,
209102,209102,神兵塔2层,101#1&4801#1,2,20900,64,64,209102,0,,,1,1,101#195#281,0,16,0,1371005,,,,1,,1,,,,1,,,,,1,,,,,,
209103,209103,神兵塔3层,101#1&4801#2,2,20900,64,64,209103,0,,,1,1,101#195#281,0,16,0,1371005,,,,1,,1,,,,1,,,,,1,,,,,,
209104,209104,神兵塔4层,101#1&4801#3,2,20900,64,64,209104,0,,,1,1,101#195#281,0,16,0,1371005,,,,1,,1,,,,1,,,,,1,,,,,,
209105,209105,神兵塔5层,101#1&4801#4,2,20900,64,64,209105,0,,,1,1,101#195#281,0,16,0,1371005,,,,1,,1,,,,1,,,,,1,,,,,,
209106,209106,神兵塔6层,101#1&4801#5,2,20900,64,64,209106,0,,,1,1,101#195#281,0,16,0,1371005,,,,1,,1,,,,1,,,,,1,,,,,,
209107,209107,神兵塔7层,101#1&4801#6,2,20900,64,64,209107,0,,,1,1,101#195#281,0,16,0,1371005,,,,1,,1,,,,1,,,,,1,,,,,,
209108,209108,神兵塔8层,101#1&4801#7,2,20900,64,64,209108,0,,,1,1,101#195#281,0,16,0,1371005,,,,1,,1,,,,1,,,,,1,,,,,,
209109,209109,神兵塔9层,101#1&4801#8,2,20900,64,64,209109,0,,,1,1,101#195#281,0,16,0,1371005,,,,1,,1,,,,1,,,,,1,,,,,,
209110,209110,神兵塔10层,101#1&4801#9,2,20900,64,64,209110,0,,,1,1,101#195#281,0,16,0,1371005,,,,1,,1,,,,1,,,,,1,,,,,,
209111,209111,神兵塔11层,101#1&4801#10,2,20900,64,64,209111,0,,,1,1,101#195#281,0,16,0,1371005,,,,1,,1,,,,1,,,,,1,,,,,,
209112,209112,神兵塔12层,101#1&4801#11,2,20900,64,64,209112,0,,,1,1,101#195#281,0,16,0,1371005,,,,1,,1,,,,1,,,,,1,,,,,,
209113,209113,神兵塔13层,101#1&4801#12,2,20900,64,64,209113,0,,,1,1,101#195#281,0,16,0,1371005,,,,1,,1,,,,1,,,,,1,,,,,,
209114,209114,神兵塔14层,101#1&4801#13,2,20900,64,64,209114,0,,,1,1,101#195#281,0,16,0,1371005,,,,1,,1,,,,1,,,,,1,,,,,,
209115,209115,神兵塔15层,101#1&4801#14,2,20900,64,64,209115,0,,,1,1,101#195#281,0,16,0,1371005,,,,1,,1,,,,1,,,,,1,,,,,,
209116,209116,神兵塔16层,101#1&4801#15,2,20900,64,64,209116,0,,,1,1,101#195#281,0,16,0,1371005,,,,1,,1,,,,1,,,,,1,,,,,,
209117,209117,神兵塔17层,101#1&4801#16,2,20900,64,64,209117,0,,,1,1,101#195#281,0,16,0,1371005,,,,1,,1,,,,1,,,,,1,,,,,,
209118,209118,神兵塔18层,101#1&4801#17,2,20900,64,64,209118,0,,,1,1,101#195#281,0,16,0,1371005,,,,1,,1,,,,1,,,,,1,,,,,,
209119,209119,神兵塔19层,101#1&4801#18,2,20900,64,64,209119,0,,,1,1,101#195#281,0,16,0,1371005,,,,1,,1,,,,1,,,,,1,,,,,,
209120,209120,神兵塔20层,101#1&4801#19,2,20900,64,64,209120,0,,,1,1,101#195#281,0,16,0,1371005,,,,1,,1,,,,1,,,,,1,,,,,,
209121,209121,神兵塔21层,101#1&4801#20,2,20900,64,64,209121,0,,,1,1,101#195#281,0,16,0,1371005,,,,1,,1,,,,1,,,,,1,,,,,,
209122,209122,神兵塔22层,101#1&4801#21,2,20900,64,64,209122,0,,,1,1,101#195#281,0,16,0,1371005,,,,1,,1,,,,1,,,,,1,,,,,,
209123,209123,神兵塔23层,101#1&4801#22,2,20900,64,64,209123,0,,,1,1,101#195#281,0,16,0,1371005,,,,1,,1,,,,1,,,,,1,,,,,,
209124,209124,神兵塔24层,101#1&4801#23,2,20900,64,64,209124,0,,,1,1,101#195#281,0,16,0,1371005,,,,1,,1,,,,1,,,,,1,,,,,,
209125,209125,神兵塔25层,101#1&4801#24,2,20900,64,64,209125,0,,,1,1,101#195#281,0,16,0,1371005,,,,1,,1,,,,1,,,,,1,,,,,,
209126,209126,神兵塔26层,101#1&4801#25,2,20900,64,64,209126,0,,,1,1,101#195#281,0,16,0,1371005,,,,1,,1,,,,1,,,,,1,,,,,,
209127,209127,神兵塔27层,101#1&4801#26,2,20900,64,64,209127,0,,,1,1,101#195#281,0,16,0,1371005,,,,1,,1,,,,1,,,,,1,,,,,,
209128,209128,神兵塔28层,101#1&4801#27,2,20900,64,64,209128,0,,,1,1,101#195#281,0,16,0,1371005,,,,1,,1,,,,1,,,,,1,,,,,,
209129,209129,神兵塔29层,101#1&4801#28,2,20900,64,64,209129,0,,,1,1,101#195#281,0,16,0,1371005,,,,1,,1,,,,1,,,,,1,,,,,,
209130,209130,神兵塔30层,101#1&4801#29,2,20900,64,64,209130,0,,,1,1,101#195#281,0,16,0,1371005,,,,1,,1,,,,1,,,,,1,,,,,,
209131,209131,神兵塔31层,101#1&4801#30,2,20900,64,64,209131,0,,,1,1,101#195#281,0,16,0,1371005,,,,1,,1,,,,1,,,,,1,,,,,,
209132,209132,神兵塔32层,101#1&4801#31,2,20900,64,64,209132,0,,,1,1,101#195#281,0,16,0,1371005,,,,1,,1,,,,1,,,,,1,,,,,,
209133,209133,神兵塔33层,101#1&4801#32,2,20900,64,64,209133,0,,,1,1,101#195#281,0,16,0,1371005,,,,1,,1,,,,1,,,,,1,,,,,,
209134,209134,神兵塔34层,101#1&4801#33,2,20900,64,64,209134,0,,,1,1,101#195#281,0,16,0,1371005,,,,1,,1,,,,1,,,,,1,,,,,,
209135,209135,神兵塔35层,101#1&4801#34,2,20900,64,64,209135,0,,,1,1,101#195#281,0,16,0,1371005,,,,1,,1,,,,1,,,,,1,,,,,,
209136,209136,神兵塔36层,101#1&4801#35,2,20900,64,64,209136,0,,,1,1,101#195#281,0,16,0,1371005,,,,1,,1,,,,1,,,,,1,,,,,,
209137,209137,神兵塔37层,101#1&4801#36,2,20900,64,64,209137,0,,,1,1,101#195#281,0,16,0,1371005,,,,1,,1,,,,1,,,,,1,,,,,,
209138,209138,神兵塔38层,101#1&4801#37,2,20900,64,64,209138,0,,,1,1,101#195#281,0,16,0,1371005,,,,1,,1,,,,1,,,,,1,,,,,,
209139,209139,神兵塔39层,101#1&4801#38,2,20900,64,64,209139,0,,,1,1,101#195#281,0,16,0,1371005,,,,1,,1,,,,1,,,,,1,,,,,,
209140,209140,神兵塔40层,101#1&4801#39,2,20900,64,64,209140,0,,,1,1,101#195#281,0,16,0,1371005,,,,1,,1,,,,1,,,,,1,,,,,,
209141,209141,神兵塔41层,101#1&4801#40,2,20900,64,64,209141,0,,,1,1,101#195#281,0,16,0,1371005,,,,1,,1,,,,1,,,,,1,,,,,,
209142,209142,神兵塔42层,101#1&4801#41,2,20900,64,64,209142,0,,,1,1,101#195#281,0,16,0,1371005,,,,1,,1,,,,1,,,,,1,,,,,,
209143,209143,神兵塔43层,101#1&4801#42,2,20900,64,64,209143,0,,,1,1,101#195#281,0,16,0,1371005,,,,1,,1,,,,1,,,,,1,,,,,,
209144,209144,神兵塔44层,101#1&4801#43,2,20900,64,64,209144,0,,,1,1,101#195#281,0,16,0,1371005,,,,1,,1,,,,1,,,,,1,,,,,,
209145,209145,神兵塔45层,101#1&4801#44,2,20900,64,64,209145,0,,,1,1,101#195#281,0,16,0,1371005,,,,1,,1,,,,1,,,,,1,,,,,,
209146,209146,神兵塔46层,101#1&4801#45,2,20900,64,64,209146,0,,,1,1,101#195#281,0,16,0,1371005,,,,1,,1,,,,1,,,,,1,,,,,,
209147,209147,神兵塔47层,101#1&4801#46,2,20900,64,64,209147,0,,,1,1,101#195#281,0,16,0,1371005,,,,1,,1,,,,1,,,,,1,,,,,,
209148,209148,神兵塔48层,101#1&4801#47,2,20900,64,64,209148,0,,,1,1,101#195#281,0,16,0,1371005,,,,1,,1,,,,1,,,,,1,,,,,,
209149,209149,神兵塔49层,101#1&4801#48,2,20900,64,64,209149,0,,,1,1,101#195#281,0,16,0,1371005,,,,1,,1,,,,1,,,,,1,,,,,,
209150,209150,神兵塔50层,101#1&4801#49,2,20900,64,64,209150,0,,,1,1,101#195#281,0,16,0,1371005,,,,1,,1,,,,1,,,,,1,,,,,,
209151,209151,神兵塔51层,101#1&4801#50,2,20900,64,64,209151,0,,,1,1,101#195#281,0,16,0,1371005,,,,1,,1,,,,1,,,,,1,,,,,,
209152,209152,神兵塔52层,101#1&4801#51,2,20900,64,64,209152,0,,,1,1,101#195#281,0,16,0,1371005,,,,1,,1,,,,1,,,,,1,,,,,,
209153,209153,神兵塔53层,101#1&4801#52,2,20900,64,64,209153,0,,,1,1,101#195#281,0,16,0,1371005,,,,1,,1,,,,1,,,,,1,,,,,,
209154,209154,神兵塔54层,101#1&4801#53,2,20900,64,64,209154,0,,,1,1,101#195#281,0,16,0,1371005,,,,1,,1,,,,1,,,,,1,,,,,,
209155,209155,神兵塔55层,101#1&4801#54,2,20900,64,64,209155,0,,,1,1,101#195#281,0,16,0,1371005,,,,1,,1,,,,1,,,,,1,,,,,,
209156,209156,神兵塔56层,101#1&4801#55,2,20900,64,64,209156,0,,,1,1,101#195#281,0,16,0,1371005,,,,1,,1,,,,1,,,,,1,,,,,,
209157,209157,神兵塔57层,101#1&4801#56,2,20900,64,64,209157,0,,,1,1,101#195#281,0,16,0,1371005,,,,1,,1,,,,1,,,,,1,,,,,,
209158,209158,神兵塔58层,101#1&4801#57,2,20900,64,64,209158,0,,,1,1,101#195#281,0,16,0,1371005,,,,1,,1,,,,1,,,,,1,,,,,,
209159,209159,神兵塔59层,101#1&4801#58,2,20900,64,64,209159,0,,,1,1,101#195#281,0,16,0,1371005,,,,1,,1,,,,1,,,,,1,,,,,,
209160,209160,神兵塔60层,101#1&4801#59,2,20900,64,64,209160,0,,,1,1,101#195#281,0,16,0,1371005,,,,1,,1,,,,1,,,,,1,,,,,,
209161,209161,神兵塔61层,101#1&4801#60,2,20900,64,64,209161,0,,,1,1,101#195#281,0,16,0,1371005,,,,1,,1,,,,1,,,,,1,,,,,,
209162,209162,神兵塔62层,101#1&4801#61,2,20900,64,64,209162,0,,,1,1,101#195#281,0,16,0,1371005,,,,1,,1,,,,1,,,,,1,,,,,,
209163,209163,神兵塔63层,101#1&4801#62,2,20900,64,64,209163,0,,,1,1,101#195#281,0,16,0,1371005,,,,1,,1,,,,1,,,,,1,,,,,,
209164,209164,神兵塔64层,101#1&4801#63,2,20900,64,64,209164,0,,,1,1,101#195#281,0,16,0,1371005,,,,1,,1,,,,1,,,,,1,,,,,,
209165,209165,神兵塔65层,101#1&4801#64,2,20900,64,64,209165,0,,,1,1,101#195#281,0,16,0,1371005,,,,1,,1,,,,1,,,,,1,,,,,,
209166,209166,神兵塔66层,101#1&4801#65,2,20900,64,64,209166,0,,,1,1,101#195#281,0,16,0,1371005,,,,1,,1,,,,1,,,,,1,,,,,,
209167,209167,神兵塔67层,101#1&4801#66,2,20900,64,64,209167,0,,,1,1,101#195#281,0,16,0,1371005,,,,1,,1,,,,1,,,,,1,,,,,,
209168,209168,神兵塔68层,101#1&4801#67,2,20900,64,64,209168,0,,,1,1,101#195#281,0,16,0,1371005,,,,1,,1,,,,1,,,,,1,,,,,,
209169,209169,神兵塔69层,101#1&4801#68,2,20900,64,64,209169,0,,,1,1,101#195#281,0,16,0,1371005,,,,1,,1,,,,1,,,,,1,,,,,,
209170,209170,神兵塔70层,101#1&4801#69,2,20900,64,64,209170,0,,,1,1,101#195#281,0,16,0,1371005,,,,1,,1,,,,1,,,,,1,,,,,,
209171,209171,神兵塔71层,101#1&4801#70,2,20900,64,64,209171,0,,,1,1,101#195#281,0,16,0,1371005,,,,1,,1,,,,1,,,,,1,,,,,,
209172,209172,神兵塔72层,101#1&4801#71,2,20900,64,64,209172,0,,,1,1,101#195#281,0,16,0,1371005,,,,1,,1,,,,1,,,,,1,,,,,,
209173,209173,神兵塔73层,101#1&4801#72,2,20900,64,64,209173,0,,,1,1,101#195#281,0,16,0,1371005,,,,1,,1,,,,1,,,,,1,,,,,,
209174,209174,神兵塔74层,101#1&4801#73,2,20900,64,64,209174,0,,,1,1,101#195#281,0,16,0,1371005,,,,1,,1,,,,1,,,,,1,,,,,,
209175,209175,神兵塔75层,101#1&4801#74,2,20900,64,64,209175,0,,,1,1,101#195#281,0,16,0,1371005,,,,1,,1,,,,1,,,,,1,,,,,,
209176,209176,神兵塔76层,101#1&4801#75,2,20900,64,64,209176,0,,,1,1,101#195#281,0,16,0,1371005,,,,1,,1,,,,1,,,,,1,,,,,,
209177,209177,神兵塔77层,101#1&4801#76,2,20900,64,64,209177,0,,,1,1,101#195#281,0,16,0,1371005,,,,1,,1,,,,1,,,,,1,,,,,,
209178,209178,神兵塔78层,101#1&4801#77,2,20900,64,64,209178,0,,,1,1,101#195#281,0,16,0,1371005,,,,1,,1,,,,1,,,,,1,,,,,,
209179,209179,神兵塔79层,101#1&4801#78,2,20900,64,64,209179,0,,,1,1,101#195#281,0,16,0,1371005,,,,1,,1,,,,1,,,,,1,,,,,,
209180,209180,神兵塔80层,101#1&4801#79,2,20900,64,64,209180,0,,,1,1,101#195#281,0,16,0,1371005,,,,1,,1,,,,1,,,,,1,,,,,,
209181,209181,神兵塔81层,101#1&4801#80,2,20900,64,64,209181,0,,,1,1,101#195#281,0,16,0,1371005,,,,1,,1,,,,1,,,,,1,,,,,,
209182,209182,神兵塔82层,101#1&4801#81,2,20900,64,64,209182,0,,,1,1,101#195#281,0,16,0,1371005,,,,1,,1,,,,1,,,,,1,,,,,,
209183,209183,神兵塔83层,101#1&4801#82,2,20900,64,64,209183,0,,,1,1,101#195#281,0,16,0,1371005,,,,1,,1,,,,1,,,,,1,,,,,,
209184,209184,神兵塔84层,101#1&4801#83,2,20900,64,64,209184,0,,,1,1,101#195#281,0,16,0,1371005,,,,1,,1,,,,1,,,,,1,,,,,,
209185,209185,神兵塔85层,101#1&4801#84,2,20900,64,64,209185,0,,,1,1,101#195#281,0,16,0,1371005,,,,1,,1,,,,1,,,,,1,,,,,,
209186,209186,神兵塔86层,101#1&4801#85,2,20900,64,64,209186,0,,,1,1,101#195#281,0,16,0,1371005,,,,1,,1,,,,1,,,,,1,,,,,,
209187,209187,神兵塔87层,101#1&4801#86,2,20900,64,64,209187,0,,,1,1,101#195#281,0,16,0,1371005,,,,1,,1,,,,1,,,,,1,,,,,,
209188,209188,神兵塔88层,101#1&4801#87,2,20900,64,64,209188,0,,,1,1,101#195#281,0,16,0,1371005,,,,1,,1,,,,1,,,,,1,,,,,,
209189,209189,神兵塔89层,101#1&4801#88,2,20900,64,64,209189,0,,,1,1,101#195#281,0,16,0,1371005,,,,1,,1,,,,1,,,,,1,,,,,,
209190,209190,神兵塔90层,101#1&4801#89,2,20900,64,64,209190,0,,,1,1,101#195#281,0,16,0,1371005,,,,1,,1,,,,1,,,,,1,,,,,,
209191,209191,神兵塔91层,101#1&4801#90,2,20900,64,64,209191,0,,,1,1,101#195#281,0,16,0,1371005,,,,1,,1,,,,1,,,,,1,,,,,,
209192,209192,神兵塔92层,101#1&4801#91,2,20900,64,64,209192,0,,,1,1,101#195#281,0,16,0,1371005,,,,1,,1,,,,1,,,,,1,,,,,,
209193,209193,神兵塔93层,101#1&4801#92,2,20900,64,64,209193,0,,,1,1,101#195#281,0,16,0,1371005,,,,1,,1,,,,1,,,,,1,,,,,,
209194,209194,神兵塔94层,101#1&4801#93,2,20900,64,64,209194,0,,,1,1,101#195#281,0,16,0,1371005,,,,1,,1,,,,1,,,,,1,,,,,,
209195,209195,神兵塔95层,101#1&4801#94,2,20900,64,64,209195,0,,,1,1,101#195#281,0,16,0,1371005,,,,1,,1,,,,1,,,,,1,,,,,,
209196,209196,神兵塔96层,101#1&4801#95,2,20900,64,64,209196,0,,,1,1,101#195#281,0,16,0,1371005,,,,1,,1,,,,1,,,,,1,,,,,,
209197,209197,神兵塔97层,101#1&4801#96,2,20900,64,64,209197,0,,,1,1,101#195#281,0,16,0,1371005,,,,1,,1,,,,1,,,,,1,,,,,,
209198,209198,神兵塔98层,101#1&4801#97,2,20900,64,64,209198,0,,,1,1,101#195#281,0,16,0,1371005,,,,1,,1,,,,1,,,,,1,,,,,,
209199,209199,神兵塔99层,101#1&4801#98,2,20900,64,64,209199,0,,,1,1,101#195#281,0,16,0,1371005,,,,1,,1,,,,1,,,,,1,,,,,,
209200,209200,神兵塔100层,101#1&4801#99,2,20900,64,64,209200,0,,,1,1,101#195#281,0,16,0,1371005,,,,1,,1,,,,1,,,,,1,,,,,,
210001,210001,四象神殿1层,101#80,2,208,99,99,210001,1,,,1,1,101#195#281,0,1#17,0,,,,,,,1,,,,,,,,,,,,,1,,
210002,210002,四象神殿2层,5301#1,2,208,99,99,210002,1,,,1,1,101#195#281,0,1#17,0,,,,,,,1,,,,,,,,,,,,,1,,
210003,210003,四象神殿3层,5301#2,2,208,99,99,210003,1,,,1,1,101#195#281,0,1#17,0,,,,,,,1,,,,,,,,,,,,,1,,
210004,210004,四象神殿4层,5301#4,2,208,99,99,210004,1,,,1,1,101#195#281,0,1#17,0,,,,,,,1,,,,,,,,,,,,,1,,
210005,210005,四象神殿5层,5301#6,2,208,99,99,210005,1,,,1,1,101#195#281,0,1#17,0,,,,,,,1,,,,,,,,,,,,,1,,
210006,210006,四象神殿6层,5301#8,2,208,99,99,210006,1,,,1,1,101#195#281,0,1#17,0,,,,,,,1,,,,,,,,,,,,,1,,
210007,210007,四象神殿7层,5301#10,2,208,99,99,210007,1,,,1,1,101#195#281,0,1#17,0,,,,,,,1,,,,,,,,,,,,,1,,
210008,210008,四象神殿8层,5301#12,2,208,99,99,210008,1,,,1,1,101#195#281,0,1#17,0,,,,,,,1,,,,,,,,,,,,,1,,
210009,210009,四象神殿9层,5301#14,2,208,99,99,210009,1,,,1,1,101#195#281,0,1#17,0,,,,,,,1,,,,,,,,,,,,,1,,
210010,210010,四象神殿10层,5301#16,2,208,99,99,210010,1,,,1,1,101#195#281,0,1#17,0,,,,,,,1,,,,,,,,,,,,,1,,
210011,210011,四象神殿11层,5301#18,2,208,99,99,210011,1,,,1,1,101#195#281,0,1#17,0,,,,,,,1,,,,,,,,,,,,,1,,
210012,210012,四象神殿12层,5301#20,2,208,99,99,210012,1,,,1,1,101#195#281,0,1#17,0,,,,,,,1,,,,,,,,,,,,,1,,
210013,210013,四象神殿13层,5301#22,2,208,99,99,210013,1,,,1,1,101#195#281,0,1#17,0,,,,,,,1,,,,,,,,,,,,,1,,
210014,210014,四象神殿14层,5301#24,2,208,99,99,210014,1,,,1,1,101#195#281,0,1#17,0,,,,,,,1,,,,,,,,,,,,,1,,
210015,210015,四象神殿15层,5301#26,2,208,99,99,210015,1,,,1,1,101#195#281,0,1#17,0,,,,,,,1,,,,,,,,,,,,,1,,
210016,210016,四象神殿16层,5301#28,2,208,99,99,210016,1,,,1,1,101#195#281,0,1#17,0,,,,,,,1,,,,,,,,,,,,,1,,
210017,210017,四象神殿17层,5301#30,2,208,99,99,210017,1,,,1,1,101#195#281,0,1#17,0,,,,,,,1,,,,,,,,,,,,,1,,
210018,210018,四象神殿18层,5301#32,2,208,99,99,210018,1,,,1,1,101#195#281,0,1#17,0,,,,,,,1,,,,,,,,,,,,,1,,
210019,210019,四象神殿19层,5301#34,2,208,99,99,210019,1,,,1,1,101#195#281,0,1#17,0,,,,,,,1,,,,,,,,,,,,,1,,
210020,210020,四象神殿20层,5301#36,2,208,99,99,210020,1,,,1,1,101#195#281,0,1#17,0,,,,,,,1,,,,,,,,,,,,,1,,
210021,210021,四象神殿21层,5301#38,2,208,99,99,210021,1,,,1,1,101#195#281,0,1#17,0,,,,,,,1,,,,,,,,,,,,,1,,
210022,210022,四象神殿22层,5301#40,2,208,99,99,210022,1,,,1,1,101#195#281,0,1#17,0,,,,,,,1,,,,,,,,,,,,,1,,
210023,210023,四象神殿23层,5301#42,2,208,99,99,210023,1,,,1,1,101#195#281,0,1#17,0,,,,,,,1,,,,,,,,,,,,,1,,
210024,210024,四象神殿24层,5301#44,2,208,99,99,210024,1,,,1,1,101#195#281,0,1#17,0,,,,,,,1,,,,,,,,,,,,,1,,
210025,210025,四象神殿25层,5301#46,2,208,99,99,210025,1,,,1,1,101#195#281,0,1#17,0,,,,,,,1,,,,,,,,,,,,,1,,
211001,211001,四象神殿1层,101#80,2,208,99,99,211001,1,,,1,1,101#195#281,0,1#17,0,,,,,,,1,,,,,,,,,,,,,1,,
211002,211002,四象神殿2层,5301#1,2,208,99,99,211002,1,,,1,1,101#195#281,0,1#17,0,,,,,,,1,,,,,,,,,,,,,1,,
211003,211003,四象神殿3层,5301#2,2,208,99,99,211003,1,,,1,1,101#195#281,0,1#17,0,,,,,,,1,,,,,,,,,,,,,1,,
211004,211004,四象神殿4层,5301#4,2,208,99,99,211004,1,,,1,1,101#195#281,0,1#17,0,,,,,,,1,,,,,,,,,,,,,1,,
211005,211005,四象神殿5层,5301#6,2,208,99,99,211005,1,,,1,1,101#195#281,0,1#17,0,,,,,,,1,,,,,,,,,,,,,1,,
211006,211006,四象神殿6层,5301#8,2,208,99,99,211006,1,,,1,1,101#195#281,0,1#17,0,,,,,,,1,,,,,,,,,,,,,1,,
211007,211007,四象神殿7层,5301#10,2,208,99,99,211007,1,,,1,1,101#195#281,0,1#17,0,,,,,,,1,,,,,,,,,,,,,1,,
211008,211008,四象神殿8层,5301#12,2,208,99,99,211008,1,,,1,1,101#195#281,0,1#17,0,,,,,,,1,,,,,,,,,,,,,1,,
211009,211009,四象神殿9层,5301#14,2,208,99,99,211009,1,,,1,1,101#195#281,0,1#17,0,,,,,,,1,,,,,,,,,,,,,1,,
211010,211010,四象神殿10层,5301#16,2,208,99,99,211010,1,,,1,1,101#195#281,0,1#17,0,,,,,,,1,,,,,,,,,,,,,1,,
211011,211011,四象神殿11层,5301#18,2,208,99,99,211011,1,,,1,1,101#195#281,0,1#17,0,,,,,,,1,,,,,,,,,,,,,1,,
211012,211012,四象神殿12层,5301#20,2,208,99,99,211012,1,,,1,1,101#195#281,0,1#17,0,,,,,,,1,,,,,,,,,,,,,1,,
211013,211013,四象神殿13层,5301#22,2,208,99,99,211013,1,,,1,1,101#195#281,0,1#17,0,,,,,,,1,,,,,,,,,,,,,1,,
211014,211014,四象神殿14层,5301#24,2,208,99,99,211014,1,,,1,1,101#195#281,0,1#17,0,,,,,,,1,,,,,,,,,,,,,1,,
211015,211015,四象神殿15层,5301#26,2,208,99,99,211015,1,,,1,1,101#195#281,0,1#17,0,,,,,,,1,,,,,,,,,,,,,1,,
211016,211016,四象神殿16层,5301#28,2,208,99,99,211016,1,,,1,1,101#195#281,0,1#17,0,,,,,,,1,,,,,,,,,,,,,1,,
211017,211017,四象神殿17层,5301#30,2,208,99,99,211017,1,,,1,1,101#195#281,0,1#17,0,,,,,,,1,,,,,,,,,,,,,1,,
211018,211018,四象神殿18层,5301#32,2,208,99,99,211018,1,,,1,1,101#195#281,0,1#17,0,,,,,,,1,,,,,,,,,,,,,1,,
211019,211019,四象神殿19层,5301#34,2,208,99,99,211019,1,,,1,1,101#195#281,0,1#17,0,,,,,,,1,,,,,,,,,,,,,1,,
211020,211020,四象神殿20层,5301#36,2,208,99,99,211020,1,,,1,1,101#195#281,0,1#17,0,,,,,,,1,,,,,,,,,,,,,1,,
211021,211021,四象神殿21层,5301#38,2,208,99,99,211021,1,,,1,1,101#195#281,0,1#17,0,,,,,,,1,,,,,,,,,,,,,1,,
211022,211022,四象神殿22层,5301#40,2,208,99,99,211022,1,,,1,1,101#195#281,0,1#17,0,,,,,,,1,,,,,,,,,,,,,1,,
211023,211023,四象神殿23层,5301#42,2,208,99,99,211023,1,,,1,1,101#195#281,0,1#17,0,,,,,,,1,,,,,,,,,,,,,1,,
211024,211024,四象神殿24层,5301#44,2,208,99,99,211024,1,,,1,1,101#195#281,0,1#17,0,,,,,,,1,,,,,,,,,,,,,1,,
211025,211025,四象神殿25层,5301#46,2,208,99,99,211025,1,,,1,1,101#195#281,0,1#17,0,,,,,,,1,,,,,,,,,,,,,1,,
212001,212001,四象神殿1层[跨],101#80,2,208,99,99,212001,1,,,1,2,101#195#281,0,1#17,0,,,,,,,1,,,,,,,,,,,,,1,,
212002,212002,四象神殿2层[跨],5301#1,2,208,99,99,212002,1,,,1,2,101#195#281,0,1#17,0,,,,,,,1,,,,,,,,,,,,,1,,
212003,212003,四象神殿3层[跨],5301#2,2,208,99,99,212003,1,,,1,2,101#195#281,0,1#17,0,,,,,,,1,,,,,,,,,,,,,1,,
212004,212004,四象神殿4层[跨],5301#4,2,208,99,99,212004,1,,,1,2,101#195#281,0,1#17,0,,,,,,,1,,,,,,,,,,,,,1,,
212005,212005,四象神殿5层[跨],5301#6,2,208,99,99,212005,1,,,1,2,101#195#281,0,1#17,0,,,,,,,1,,,,,,,,,,,,,1,,
212006,212006,四象神殿6层[跨],5301#8,2,208,99,99,212006,1,,,1,2,101#195#281,0,1#17,0,,,,,,,1,,,,,,,,,,,,,1,,
212007,212007,四象神殿7层[跨],5301#10,2,208,99,99,212007,1,,,1,2,101#195#281,0,1#17,0,,,,,,,1,,,,,,,,,,,,,1,,
212008,212008,四象神殿8层[跨],5301#12,2,208,99,99,212008,1,,,1,2,101#195#281,0,1#17,0,,,,,,,1,,,,,,,,,,,,,1,,
212009,212009,四象神殿9层[跨],5301#14,2,208,99,99,212009,1,,,1,2,101#195#281,0,1#17,0,,,,,,,1,,,,,,,,,,,,,1,,
212010,212010,四象神殿10层[跨],5301#16,2,208,99,99,212010,1,,,1,2,101#195#281,0,1#17,0,,,,,,,1,,,,,,,,,,,,,1,,
212011,212011,四象神殿11层[跨],5301#18,2,208,99,99,212011,1,,,1,2,101#195#281,0,1#17,0,,,,,,,1,,,,,,,,,,,,,1,,
212012,212012,四象神殿12层[跨],5301#20,2,208,99,99,212012,1,,,1,2,101#195#281,0,1#17,0,,,,,,,1,,,,,,,,,,,,,1,,
212013,212013,四象神殿13层[跨],5301#22,2,208,99,99,212013,1,,,1,2,101#195#281,0,1#17,0,,,,,,,1,,,,,,,,,,,,,1,,
212014,212014,四象神殿14层[跨],5301#24,2,208,99,99,212014,1,,,1,2,101#195#281,0,1#17,0,,,,,,,1,,,,,,,,,,,,,1,,
212015,212015,四象神殿15层[跨],5301#26,2,208,99,99,212015,1,,,1,2,101#195#281,0,1#17,0,,,,,,,1,,,,,,,,,,,,,1,,
212016,212016,四象神殿16层[跨],5301#28,2,208,99,99,212016,1,,,1,2,101#195#281,0,1#17,0,,,,,,,1,,,,,,,,,,,,,1,,
212017,212017,四象神殿17层[跨],5301#30,2,208,99,99,212017,1,,,1,2,101#195#281,0,1#17,0,,,,,,,1,,,,,,,,,,,,,1,,
212018,212018,四象神殿18层[跨],5301#32,2,208,99,99,212018,1,,,1,2,101#195#281,0,1#17,0,,,,,,,1,,,,,,,,,,,,,1,,
212019,212019,四象神殿19层[跨],5301#34,2,208,99,99,212019,1,,,1,2,101#195#281,0,1#17,0,,,,,,,1,,,,,,,,,,,,,1,,
212020,212020,四象神殿20层[跨],5301#36,2,208,99,99,212020,1,,,1,2,101#195#281,0,1#17,0,,,,,,,1,,,,,,,,,,,,,1,,
212021,212021,四象神殿21层[跨],5301#38,2,208,99,99,212021,1,,,1,2,101#195#281,0,1#17,0,,,,,,,1,,,,,,,,,,,,,1,,
212022,212022,四象神殿22层[跨],5301#40,2,208,99,99,212022,1,,,1,2,101#195#281,0,1#17,0,,,,,,,1,,,,,,,,,,,,,1,,
212023,212023,四象神殿23层[跨],5301#42,2,208,99,99,212023,1,,,1,2,101#195#281,0,1#17,0,,,,,,,1,,,,,,,,,,,,,1,,
212024,212024,四象神殿24层[跨],5301#44,2,208,99,99,212024,1,,,1,2,101#195#281,0,1#17,0,,,,,,,1,,,,,,,,,,,,,1,,
212025,212025,四象神殿25层[跨],5301#46,2,208,99,99,212025,1,,,1,2,101#195#281,0,1#17,0,,,,,,,1,,,,,,,,,,,,,1,,
213001,213001,四象神殿1层[跨],101#80,2,208,99,99,213001,1,,,1,2,101#195#281,0,1#17,0,,,,,,,1,,,,,,,,,,,,,1,,
213002,213002,四象神殿2层[跨],5301#1,2,208,99,99,213002,1,,,1,2,101#195#281,0,1#17,0,,,,,,,1,,,,,,,,,,,,,1,,
213003,213003,四象神殿3层[跨],5301#2,2,208,99,99,213003,1,,,1,2,101#195#281,0,1#17,0,,,,,,,1,,,,,,,,,,,,,1,,
213004,213004,四象神殿4层[跨],5301#4,2,208,99,99,213004,1,,,1,2,101#195#281,0,1#17,0,,,,,,,1,,,,,,,,,,,,,1,,
213005,213005,四象神殿5层[跨],5301#6,2,208,99,99,213005,1,,,1,2,101#195#281,0,1#17,0,,,,,,,1,,,,,,,,,,,,,1,,
213006,213006,四象神殿6层[跨],5301#8,2,208,99,99,213006,1,,,1,2,101#195#281,0,1#17,0,,,,,,,1,,,,,,,,,,,,,1,,
213007,213007,四象神殿7层[跨],5301#10,2,208,99,99,213007,1,,,1,2,101#195#281,0,1#17,0,,,,,,,1,,,,,,,,,,,,,1,,
213008,213008,四象神殿8层[跨],5301#12,2,208,99,99,213008,1,,,1,2,101#195#281,0,1#17,0,,,,,,,1,,,,,,,,,,,,,1,,
213009,213009,四象神殿9层[跨],5301#14,2,208,99,99,213009,1,,,1,2,101#195#281,0,1#17,0,,,,,,,1,,,,,,,,,,,,,1,,
213010,213010,四象神殿10层[跨],5301#16,2,208,99,99,213010,1,,,1,2,101#195#281,0,1#17,0,,,,,,,1,,,,,,,,,,,,,1,,
213011,213011,四象神殿11层[跨],5301#18,2,208,99,99,213011,1,,,1,2,101#195#281,0,1#17,0,,,,,,,1,,,,,,,,,,,,,1,,
213012,213012,四象神殿12层[跨],5301#20,2,208,99,99,213012,1,,,1,2,101#195#281,0,1#17,0,,,,,,,1,,,,,,,,,,,,,1,,
213013,213013,四象神殿13层[跨],5301#22,2,208,99,99,213013,1,,,1,2,101#195#281,0,1#17,0,,,,,,,1,,,,,,,,,,,,,1,,
213014,213014,四象神殿14层[跨],5301#24,2,208,99,99,213014,1,,,1,2,101#195#281,0,1#17,0,,,,,,,1,,,,,,,,,,,,,1,,
213015,213015,四象神殿15层[跨],5301#26,2,208,99,99,213015,1,,,1,2,101#195#281,0,1#17,0,,,,,,,1,,,,,,,,,,,,,1,,
213016,213016,四象神殿16层[跨],5301#28,2,208,99,99,213016,1,,,1,2,101#195#281,0,1#17,0,,,,,,,1,,,,,,,,,,,,,1,,
213017,213017,四象神殿17层[跨],5301#30,2,208,99,99,213017,1,,,1,2,101#195#281,0,1#17,0,,,,,,,1,,,,,,,,,,,,,1,,
213018,213018,四象神殿18层[跨],5301#32,2,208,99,99,213018,1,,,1,2,101#195#281,0,1#17,0,,,,,,,1,,,,,,,,,,,,,1,,
213019,213019,四象神殿19层[跨],5301#34,2,208,99,99,213019,1,,,1,2,101#195#281,0,1#17,0,,,,,,,1,,,,,,,,,,,,,1,,
213020,213020,四象神殿20层[跨],5301#36,2,208,99,99,213020,1,,,1,2,101#195#281,0,1#17,0,,,,,,,1,,,,,,,,,,,,,1,,
213021,213021,四象神殿21层[跨],5301#38,2,208,99,99,213021,1,,,1,2,101#195#281,0,1#17,0,,,,,,,1,,,,,,,,,,,,,1,,
213022,213022,四象神殿22层[跨],5301#40,2,208,99,99,213022,1,,,1,2,101#195#281,0,1#17,0,,,,,,,1,,,,,,,,,,,,,1,,
213023,213023,四象神殿23层[跨],5301#42,2,208,99,99,213023,1,,,1,2,101#195#281,0,1#17,0,,,,,,,1,,,,,,,,,,,,,1,,
213024,213024,四象神殿24层[跨],5301#44,2,208,99,99,213024,1,,,1,2,101#195#281,0,1#17,0,,,,,,,1,,,,,,,,,,,,,1,,
213025,213025,四象神殿25层[跨],5301#46,2,208,99,99,213025,1,,,1,2,101#195#281,0,1#17,0,,,,,,,1,,,,,,,,,,,,,1,,
208001,208001,武斗巅峰擂台,101#1,2,20803,99,99,208001,0,,,1,1,101#195#281,0,,0,9230001,,,,,,1,1,,,,,,,,,1,,,1,,1
216,216,圣地[福利],101#1&908#06:00-22:00,2,216,146,137,216,0,,,1,1,101#195#281,0,1#17,1,9200001,1,1,1#2,,1,,,0,,,0,,,,1,,,,,,
216001,216001,秘境1层,101#1&908#11:00-23:59,2,216001,146,137,216001,1,,,1,1,101#195#281,0,1#17,1,,1,1,1#2,,1,,,0,,,0,1,,,1,,,,,,
216002,216002,秘境2层,5603#1&908#11:00-23:59,2,216002,146,137,216002,1,,,1,1,101#195#281,0,1#17,1,,1,1,1#2,,1,,,0,,,0,1,,,1,,,,,,
216003,216003,秘境3层,5603#2&908#11:00-23:59,2,216003,146,137,216003,1,,,1,1,101#195#281,0,1#17,1,,1,1,1#2,,1,,,0,,,0,1,,,1,,,,,,
216004,216004,秘境4层,5603#3&908#11:00-23:59,2,216004,146,137,216004,1,,,1,1,101#195#281,0,1#17,1,,1,1,1#2,,1,,,0,,,0,1,,,1,,,,,,
216005,216005,秘境5层,5603#4&908#11:00-23:59,2,216005,146,137,216005,1,,,1,1,101#195#281,0,1#17,1,,1,1,1#2,,1,,,0,,,0,1,,,1,,,,,,
216006,216006,秘境6层,5603#5&908#11:00-23:59,2,216006,146,137,216006,1,,,1,1,101#195#281,0,1#17,1,,1,1,1#2,,1,,,0,,,0,1,,,1,,,,,,
216007,216007,秘境7层,5603#6&908#11:00-23:59,2,216007,146,137,216007,1,,,1,1,101#195#281,0,1#17,1,,1,1,1#2,,1,,,0,,,0,1,,,1,,,,,,
216008,216008,秘境8层,5603#7&908#11:00-23:59,2,216008,146,137,216008,1,,,1,1,101#195#281,0,1#17,1,,1,1,1#2,,1,,,0,,,0,1,,,1,,,,,,
216009,216009,秘境9层,5603#8&908#11:00-23:59,2,216009,146,137,216009,1,,,1,1,101#195#281,0,1#17,1,,1,1,1#2,,1,,,0,,,0,1,,,1,,,,,,
216010,216010,秘境10层,5603#9&908#11:00-23:59,2,216010,146,137,216010,1,,,1,1,101#195#281,0,1#17,1,,1,1,1#2,,1,,,0,,,0,1,,,1,,,,,,
216011,216011,秘境11层,5603#10&908#11:00-23:59,2,216011,146,137,216011,1,,,1,1,101#195#281,0,1#17,1,,1,1,1#2,,1,,,0,,,0,1,,,1,,,,,,
216012,216012,秘境12层,5603#11&908#11:00-23:59,2,216012,146,137,216012,1,,,1,1,101#195#281,0,1#17,1,,1,1,1#2,,1,,,0,,,0,1,,,1,,,,,,
216205,216205,秘境5层[跨],5603#4&908#11:00-23:59,2,216205,146,137,216205,1,,,1,2,101#195#281,0,1#17,1,,1,1,1#2,,1,,,0,,,0,1,,,1,,,,,,
216206,216206,秘境6层[跨],5603#5&908#11:00-23:59,2,216206,146,137,216206,1,,,1,2,101#195#281,0,1#17,1,,1,1,1#2,,1,,,0,,,0,1,,,1,,,,,,
216207,216207,秘境7层[跨],5603#6&908#11:00-23:59,2,216207,146,137,216207,1,,,1,2,101#195#281,0,1#17,1,,1,1,1#2,,1,,,0,,,0,1,,,1,,,,,,
216208,216208,秘境8层[跨],5603#7&908#11:00-23:59,2,216208,146,137,216208,1,,,1,2,101#195#281,0,1#17,1,,1,1,1#2,,1,,,0,,,0,1,,,1,,,,,,
216209,216209,秘境9层[跨],5603#8&908#11:00-23:59,2,216209,146,137,216209,1,,,1,2,101#195#281,0,1#17,1,,1,1,1#2,,1,,,0,,,0,1,,,1,,,,,,
216210,216210,秘境10层[跨],5603#9&908#11:00-23:59,2,216210,146,137,216210,1,,,1,2,101#195#281,0,1#17,1,,1,1,1#2,,1,,,0,,,0,1,,,1,,,,,,
216211,216211,秘境11层[跨],5603#10&908#11:00-23:59,2,216211,146,137,216211,1,,,1,2,101#195#281,0,1#17,1,,1,1,1#2,,1,,,0,,,0,1,,,1,,,,,,
216212,216212,秘境12层[跨],5603#11&908#11:00-23:59,2,216212,146,137,216212,1,,,1,2,101#195#281,0,1#17,1,,1,1,1#2,,1,,,0,,,0,1,,,1,,,,,,
216101,216101,圣地1层,5603#1&908#06:00-22:00,2,216,146,137,216101,0,,,1,1,101#195#281,0,1#17,1,9200001,1,1,1#2,,1,,,0,,,0,,,,1,,,,,,
216102,216102,圣地2层,5603#2&908#06:00-22:00,2,216,146,137,216102,0,,,1,1,101#195#281,0,1#17,1,9200001,1,1,1#2,,1,,,0,,,0,,,,1,,,,,,
216103,216103,圣地3层,5603#3&908#06:00-22:00,2,216,146,137,216103,0,,,1,1,101#195#281,0,1#17,1,9200001,1,1,1#2,,1,,,0,,,0,,,,1,,,,,,
216104,216104,圣地4层,5603#4&908#06:00-22:00,2,216,146,137,216104,0,,,1,1,101#195#281,0,1#17,1,9200001,1,1,1#2,,1,,,0,,,0,,,,1,,,,,,
216105,216105,圣地5层,5603#5&908#06:00-22:00,2,216,146,137,216105,0,,,1,1,101#195#281,0,1#17,1,9200001,1,1,1#2,,1,,,0,,,0,,,,1,,,,,,
216106,216106,圣地6层,5603#6&908#06:00-22:00,2,216,146,137,216106,0,,,1,1,101#195#281,0,1#17,1,9200001,1,1,1#2,,1,,,0,,,0,,,,1,,,,,,
216107,216107,圣地7层,5603#7&908#06:00-22:00,2,216,146,137,216107,0,,,1,1,101#195#281,0,1#17,1,9200001,1,1,1#2,,1,,,0,,,0,,,,1,,,,,,
216108,216108,圣地8层,5603#8&908#06:00-22:00,2,216,146,137,216108,0,,,1,1,101#195#281,0,1#17,1,9200001,1,1,1#2,,1,,,0,,,0,,,,1,,,,,,
216109,216109,圣地9层,5603#9&908#06:00-22:00,2,216,146,137,216109,0,,,1,1,101#195#281,0,1#17,1,9200001,1,1,1#2,,1,,,0,,,0,,,,1,,,,,,
216110,216110,圣地10层,5603#10&908#06:00-22:00,2,216,146,137,216110,0,,,1,1,101#195#281,0,1#17,1,9200001,1,1,1#2,,1,,,0,,,0,,,,1,,,,,,
216111,216111,圣地11层,5603#11&908#06:00-22:00,2,216,146,137,216111,0,,,1,1,101#195#281,0,1#17,1,9200001,1,1,1#2,,1,,,0,,,0,,,,1,,,,,,
216112,216112,圣地12层,5603#12&908#06:00-22:00,2,216,146,137,216112,0,,,1,1,101#195#281,0,1#17,1,9200001,1,1,1#2,,1,,,0,,,0,,,,1,,,,,,
222101,222101,外围战场,101#1,2,222,108,108,222101,1,,,1,2,101#195#281,0,1#2#3#11,1,,1,1,1#2,,1,,,0,,,0,,,,1,,,,,,
222102,222102,内围战场,101#1,2,222,108,108,222102,1,,,1,2,101#195#281,0,1#2#3#11,1,,1,1,1#2,,1,,,0,,,0,,,,1,,,,,,
222103,222103,中心战场,101#1,2,222,108,108,222103,1,,,1,2,101#195#281,0,1#2#3#11,1,,1,1,1#2,,1,,,0,,,0,,,,1,,,,,,
500002,500002,夏日沙滩[安全],101#40&8100#34121060#34121062#34121063#34121064#34121065#34121066#34122060#34122062#34122063#34122064#34122065#34122066&908#11:00:00-12:00:00/101#40&8100#34121060#34121062#34121063#34121064#34121065#34121066#34122060#34122062#34122063#34122064#34122065#34122066&908#20:00:00-22:00:00,2,500002,99,99,500002,0,,,1,1,101#195#281,0,1#2#3#11,1,,1,1,1#2,,1,,,0,,,1,,,,1,,,,,,
10102,10102,宠物地图,101#1,1,10102,417,358,10102,1,,,,1,101#195#281,0,1#2#3#11,1,,1,1,1#2,,1,,,0,,,1,0,,,1,,,,,,
101,101,泫渤派[安全],101#1,1,101,417,358,101,1,,,,1,101#195#281,0,1#2#3#11,1,,1,1,1#2,,1,,,0,,,1,0,,,1,,,,,,
20101,101,泫渤派[安全],101#1,1,101,417,358,101,2,,,,1,20101#195#281,0,1#2#3#11,1,,1,1,1#2,,1,,,0,,,1,1,,,1,,,,,,
30101,101,泫渤派[安全],101#1,1,101,417,358,101,3,,,,1,30101#195#281,0,1#2#3#11,1,,1,1,1#2,,1,,,0,,,1,1,,,1,,,,,,
40101,101,泫渤派[安全],101#1,1,101,417,358,101,4,,,,1,30101#195#281,0,1#2#3#11,1,,1,1,1#2,,1,,,0,,,1,0,,,1,,,,,,
50101,101,泫渤派[安全],101#1,1,101,417,358,101,5,,,,1,30101#195#281,0,1#2#3#11,1,,1,1,1#2,,1,,,0,,,1,1,,,1,,,,,,
60101,101,泫渤派[安全],101#1,1,101,417,358,101,6,,,,1,30101#195#281,0,1#2#3#11,1,,1,1,1#2,,1,,,0,,,1,1,,,1,,,,,,
70101,101,泫渤派[安全],101#1,1,101,417,358,101,7,,,,1,30101#195#281,0,1#2#3#11,1,,1,1,1#2,,1,,,0,,,1,0,,,1,,,,,,
80101,101,泫渤派[安全],101#1,1,101,417,358,101,8,,,,1,30101#195#281,0,1#2#3#11,1,,1,1,1#2,,1,,,0,,,1,1,,,1,,,,,,
90101,101,泫渤派[安全],101#1,1,101,417,358,101,9,,,,1,30101#195#281,0,1#2#3#11,1,,1,1,1#2,,1,,,0,,,1,1,,,1,,,,,,
100101,101,泫渤派[安全],101#1,1,101,417,358,101,10,,,,1,30101#195#281,0,1#2#3#11,1,,1,1,1#2,,1,,,0,,,1,0,,,1,,,,,,
102,102,泫渤派南[安全],101#1,1,102,271,274,102,1,,,,1,101#195#281,0,1#2#3#11,1,,1,1,1#2,,1,,,0,,,1,0,,,1,,,,,,
20102,102,泫渤派南[安全],101#1,1,102,271,274,102,2,,,,1,20101#195#281,0,1#2#3#11,1,,1,1,1#2,,1,,,0,,,1,1,,,1,,,,,,
30102,102,泫渤派南[安全],101#1,1,102,271,274,102,3,,,,1,30101#195#281,0,1#2#3#11,1,,1,1,1#2,,1,,,0,,,1,1,,,1,,,,,,
40102,102,泫渤派南[安全],101#1,1,102,271,274,102,4,,,,1,30101#195#281,0,1#2#3#11,1,,1,1,1#2,,1,,,0,,,1,0,,,1,,,,,,
50102,102,泫渤派南[安全],101#1,1,102,271,274,102,5,,,,1,30101#195#281,0,1#2#3#11,1,,1,1,1#2,,1,,,0,,,1,1,,,1,,,,,,
60102,102,泫渤派南[安全],101#1,1,102,271,274,102,6,,,,1,30101#195#281,0,1#2#3#11,1,,1,1,1#2,,1,,,0,,,1,1,,,1,,,,,,
70102,102,泫渤派南[安全],101#1,1,102,271,274,102,7,,,,1,30101#195#281,0,1#2#3#11,1,,1,1,1#2,,1,,,0,,,1,0,,,1,,,,,,
80102,102,泫渤派南[安全],101#1,1,102,271,274,102,8,,,,1,30101#195#281,0,1#2#3#11,1,,1,1,1#2,,1,,,0,,,1,1,,,1,,,,,,
90102,102,泫渤派南[安全],101#1,1,102,271,274,102,9,,,,1,30101#195#281,0,1#2#3#11,1,,1,1,1#2,,1,,,0,,,1,1,,,1,,,,,,
100102,102,泫渤派南[安全],101#1,1,102,271,274,102,10,,,,1,30101#195#281,0,1#2#3#11,1,,1,1,1#2,,1,,,0,,,1,0,,,1,,,,,,
103,103,柳正关[安全],101#1,1,103,202,202,103,1,,,,1,101#195#281,0,1#2#3#11,1,,1,1,1#2,,1,,,0,,,1,0,,,1,,,,,,
20103,103,柳正关[安全],101#1,1,103,202,202,103,2,,,,1,20101#195#281,0,1#2#3#11,1,,1,1,1#2,,1,,,0,,,1,1,,,1,,,,,,
30103,103,柳正关[安全],101#1,1,103,202,202,103,3,,,,1,30101#195#281,0,1#2#3#11,1,,1,1,1#2,,1,,,0,,,1,1,,,1,,,,,,
40103,103,柳正关[安全],101#1,1,103,202,202,103,4,,,,1,30101#195#281,0,1#2#3#11,1,,1,1,1#2,,1,,,0,,,1,0,,,1,,,,,,
50103,103,柳正关[安全],101#1,1,103,202,202,103,5,,,,1,30101#195#281,0,1#2#3#11,1,,1,1,1#2,,1,,,0,,,1,1,,,1,,,,,,
60103,103,柳正关[安全],101#1,1,103,202,202,103,6,,,,1,30101#195#281,0,1#2#3#11,1,,1,1,1#2,,1,,,0,,,1,1,,,1,,,,,,
70103,103,柳正关[安全],101#1,1,103,202,202,103,7,,,,1,30101#195#281,0,1#2#3#11,1,,1,1,1#2,,1,,,0,,,1,0,,,1,,,,,,
80103,103,柳正关[安全],101#1,1,103,202,202,103,8,,,,1,30101#195#281,0,1#2#3#11,1,,1,1,1#2,,1,,,0,,,1,1,,,1,,,,,,
90103,103,柳正关[安全],101#1,1,103,202,202,103,9,,,,1,30101#195#281,0,1#2#3#11,1,,1,1,1#2,,1,,,0,,,1,1,,,1,,,,,,
100103,103,柳正关[安全],101#1,1,103,202,202,103,10,,,,1,30101#195#281,0,1#2#3#11,1,,1,1,1#2,,1,,,0,,,1,0,,,1,,,,,,
104,104,柳正关南[安全],101#1,1,104,230,230,104,1,,,,1,101#195#281,0,1#2#3#11,1,,1,1,1#2,,1,,,0,,,1,0,,,1,,,,,,
20104,104,柳正关南[安全],101#1,1,104,230,230,104,2,,,,1,20101#195#281,0,1#2#3#11,1,,1,1,1#2,,1,,,0,,,1,1,,,1,,,,,,
30104,104,柳正关南[安全],101#1,1,104,230,230,104,3,,,,1,20101#195#281,0,1#2#3#11,1,,1,1,1#2,,1,,,0,,,1,1,,,1,,,,,,
40104,104,柳正关南[安全],101#1,1,104,230,230,104,4,,,,1,20101#195#281,0,1#2#3#11,1,,1,1,1#2,,1,,,0,,,1,0,,,1,,,,,,
50104,104,柳正关南[安全],101#1,1,104,230,230,104,5,,,,1,20101#195#281,0,1#2#3#11,1,,1,1,1#2,,1,,,0,,,1,1,,,1,,,,,,
60104,104,柳正关南[安全],101#1,1,104,230,230,104,6,,,,1,20101#195#281,0,1#2#3#11,1,,1,1,1#2,,1,,,0,,,1,1,,,1,,,,,,
70104,104,柳正关南[安全],101#1,1,104,230,230,104,7,,,,1,20101#195#281,0,1#2#3#11,1,,1,1,1#2,,1,,,0,,,1,0,,,1,,,,,,
80104,104,柳正关南[安全],101#1,1,104,230,230,104,8,,,,1,20101#195#281,0,1#2#3#11,1,,1,1,1#2,,1,,,0,,,1,1,,,1,,,,,,
90104,104,柳正关南[安全],101#1,1,104,230,230,104,9,,,,1,20101#195#281,0,1#2#3#11,1,,1,1,1#2,,1,,,0,,,1,1,,,1,,,,,,
100104,104,柳正关南[安全],101#1,1,104,230,230,104,10,,,,1,20101#195#281,0,1#2#3#11,1,,1,1,1#2,,1,,,0,,,1,0,,,1,,,,,,
121,121,三邪关[安全],101#1,1,121,302,289,121,1,,,,1,101#195#281,0,1#2#3#11,1,,1,1,1#2,,1,,,0,,,1,0,,,1,,,,,,
20121,121,三邪关[安全],101#1,1,121,302,289,121,2,,,,1,20101#195#281,0,1#2#3#11,1,,1,1,1#2,,1,,,0,,,1,1,,,1,,,,,,
30121,121,三邪关[安全],101#1,1,121,302,289,121,3,,,,1,30101#195#281,0,1#2#3#11,1,,1,1,1#2,,1,,,0,,,1,1,,,1,,,,,,
40121,121,三邪关[安全],101#1,1,121,302,289,121,4,,,,1,30101#195#281,0,1#2#3#11,1,,1,1,1#2,,1,,,0,,,1,0,,,1,,,,,,
50121,121,三邪关[安全],101#1,1,121,302,289,121,5,,,,1,30101#195#281,0,1#2#3#11,1,,1,1,1#2,,1,,,0,,,1,1,,,1,,,,,,
60121,121,三邪关[安全],101#1,1,121,302,289,121,6,,,,1,30101#195#281,0,1#2#3#11,1,,1,1,1#2,,1,,,0,,,1,1,,,1,,,,,,
70121,121,三邪关[安全],101#1,1,121,302,289,121,7,,,,1,30101#195#281,0,1#2#3#11,1,,1,1,1#2,,1,,,0,,,1,0,,,1,,,,,,
80121,121,三邪关[安全],101#1,1,121,302,289,121,8,,,,1,30101#195#281,0,1#2#3#11,1,,1,1,1#2,,1,,,0,,,1,1,,,1,,,,,,
90121,121,三邪关[安全],101#1,1,121,302,289,121,9,,,,1,30101#195#281,0,1#2#3#11,1,,1,1,1#2,,1,,,0,,,1,1,,,1,,,,,,
100121,121,三邪关[安全],101#1,1,121,302,289,121,10,,,,1,30101#195#281,0,1#2#3#11,1,,1,1,1#2,,1,,,0,,,1,0,,,1,,,,,,
122,122,三邪关外围[安全],101#1,1,122,240,230,122,1,,,,1,101#195#281,0,1#2#3#11,1,,1,1,1#2,,1,,,0,,,1,0,,,1,,,,,,
20122,122,三邪关外围[安全],101#1,1,122,240,230,122,2,,,,1,20101#195#281,0,1#2#3#11,1,,1,1,1#2,,1,,,0,,,1,1,,,1,,,,,,
30122,122,三邪关外围[安全],101#1,1,122,240,230,122,3,,,,1,20101#195#281,0,1#2#3#11,1,,1,1,1#2,,1,,,0,,,1,1,,,1,,,,,,
40122,122,三邪关外围[安全],101#1,1,122,240,230,122,4,,,,1,20101#195#281,0,1#2#3#11,1,,1,1,1#2,,1,,,0,,,1,0,,,1,,,,,,
50122,122,三邪关外围[安全],101#1,1,122,240,230,122,5,,,,1,20101#195#281,0,1#2#3#11,1,,1,1,1#2,,1,,,0,,,1,1,,,1,,,,,,
60122,122,三邪关外围[安全],101#1,1,122,240,230,122,6,,,,1,20101#195#281,0,1#2#3#11,1,,1,1,1#2,,1,,,0,,,1,1,,,1,,,,,,
70122,122,三邪关外围[安全],101#1,1,122,240,230,122,7,,,,1,20101#195#281,0,1#2#3#11,1,,1,1,1#2,,1,,,0,,,1,0,,,1,,,,,,
80122,122,三邪关外围[安全],101#1,1,122,240,230,122,8,,,,1,20101#195#281,0,1#2#3#11,1,,1,1,1#2,,1,,,0,,,1,1,,,1,,,,,,
90122,122,三邪关外围[安全],101#1,1,122,240,230,122,9,,,,1,20101#195#281,0,1#2#3#11,1,,1,1,1#2,,1,,,0,,,1,1,,,1,,,,,,
100122,122,三邪关外围[安全],101#1,1,122,240,230,122,10,,,,1,20101#195#281,0,1#2#3#11,1,,1,1,1#2,,1,,,0,,,1,0,,,1,,,,,,
109,109,南明湖[安全],101#1,1,109,270,265,109,1,,,,1,101#195#281,0,1#2#3#11,1,,1,1,1#2,,1,,,0,,,1,0,,,1,,,,,,
20109,109,南明湖[危险],101#1,1,109,270,265,109,2,,,,1,20101#195#281,0,1#2#3#11,1,,1,1,1#2,,1,,,0,,,0,1,1000,1006,1,,,,,,
30109,109,南明湖[危险],101#1,1,109,270,265,109,3,,,,1,20101#195#281,0,1#2#3#11,1,,1,1,1#2,,1,,,0,,,0,1,1000,1006,1,,,,,,
40109,109,南明湖[危险],101#1,1,109,270,265,109,4,,,,1,20101#195#281,0,1#2#3#11,1,,1,1,1#2,,1,,,0,,,0,0,1000,1006,1,,,,,,
50109,109,南明湖[危险],101#1,1,109,270,265,109,5,,,,1,20101#195#281,0,1#2#3#11,1,,1,1,1#2,,1,,,0,,,0,1,1000,1006,1,,,,,,
60109,109,南明湖[危险],101#1,1,109,270,265,109,6,,,,1,20101#195#281,0,1#2#3#11,1,,1,1,1#2,,1,,,0,,,0,1,1000,1006,1,,,,,,
70109,109,南明湖[危险],101#1,1,109,270,265,109,7,,,,1,20101#195#281,0,1#2#3#11,1,,1,1,1#2,,1,,,0,,,0,0,1000,1006,1,,,,,,
80109,109,南明湖[危险],101#1,1,109,270,265,109,8,,,,1,20101#195#281,0,1#2#3#11,1,,1,1,1#2,,1,,,0,,,0,1,1000,1006,1,,,,,,
90109,109,南明湖[危险],101#1,1,109,270,265,109,9,,,,1,20101#195#281,0,1#2#3#11,1,,1,1,1#2,,1,,,0,,,0,1,1000,1006,1,,,,,,
100109,109,南明湖[危险],101#1,1,109,270,265,109,10,,,,1,20101#195#281,0,1#2#3#11,1,,1,1,1#2,,1,,,0,,,0,0,1000,1006,1,,,,,,
105,105,神武门[安全],101#1,1,105,280,280,105,1,,,,1,101#195#281,0,1#2#3#11,1,,1,1,1#2,,1,,,0,,,1,0,,,1,,,,,,
20105,105,神武门[危险],101#1,1,105,280,280,105,2,,,,1,20101#195#281,0,1#2#3#11,1,,1,1,1#2,,1,,,0,,,0,1,1000,1006,1,,,,,,
30105,105,神武门[危险],101#1,1,105,280,280,105,3,,,,1,20101#195#281,0,1#2#3#11,1,,1,1,1#2,,1,,,0,,,0,1,1000,1006,1,,,,,,
40105,105,神武门[危险],101#1,1,105,280,280,105,4,,,,1,20101#195#281,0,1#2#3#11,1,,1,1,1#2,,1,,,0,,,0,0,1000,1006,1,,,,,,
50105,105,神武门[危险],101#1,1,105,280,280,105,5,,,,1,20101#195#281,0,1#2#3#11,1,,1,1,1#2,,1,,,0,,,0,1,1000,1006,1,,,,,,
60105,105,神武门[危险],101#1,1,105,280,280,105,6,,,,1,20101#195#281,0,1#2#3#11,1,,1,1,1#2,,1,,,0,,,0,1,1000,1006,1,,,,,,
70105,105,神武门[危险],101#1,1,105,280,280,105,7,,,,1,20101#195#281,0,1#2#3#11,1,,1,1,1#2,,1,,,0,,,0,0,1000,1006,1,,,,,,
80105,105,神武门[危险],101#1,1,105,280,280,105,8,,,,1,20101#195#281,0,1#2#3#11,1,,1,1,1#2,,1,,,0,,,0,1,1000,1006,1,,,,,,
90105,105,神武门[危险],101#1,1,105,280,280,105,9,,,,1,20101#195#281,0,1#2#3#11,1,,1,1,1#2,,1,,,0,,,0,1,1000,1006,1,,,,,,
100105,105,神武门[危险],101#1,1,105,280,280,105,10,,,,1,20101#195#281,0,1#2#3#11,1,,1,1,1#2,,1,,,0,,,0,0,1000,1006,1,,,,,,
106,106,神武门南[安全],101#1,1,106,230,262,106,1,,,,1,101#195#281,0,1#2#3#11,1,,1,1,1#2,,1,,,0,,,1,0,,,1,,,,,,
20106,106,神武门南[危险],101#1,1,106,230,262,106,2,,,,1,20101#195#281,0,1#2#3#11,1,,1,1,1#2,,1,,,0,,,0,1,1000,1006,1,,,,,,
30106,106,神武门南[危险],101#1,1,106,230,262,106,3,,,,1,20101#195#281,0,1#2#3#11,1,,1,1,1#2,,1,,,0,,,0,1,1000,1006,1,,,,,,
40106,106,神武门南[危险],101#1,1,106,230,262,106,4,,,,1,20101#195#281,0,1#2#3#11,1,,1,1,1#2,,1,,,0,,,0,0,1000,1006,1,,,,,,
50106,106,神武门南[危险],101#1,1,106,230,262,106,5,,,,1,20101#195#281,0,1#2#3#11,1,,1,1,1#2,,1,,,0,,,0,1,1000,1006,1,,,,,,
60106,106,神武门南[危险],101#1,1,106,230,262,106,6,,,,1,20101#195#281,0,1#2#3#11,1,,1,1,1#2,,1,,,0,,,0,1,1000,1006,1,,,,,,
70106,106,神武门南[危险],101#1,1,106,230,262,106,7,,,,1,20101#195#281,0,1#2#3#11,1,,1,1,1#2,,1,,,0,,,0,0,1000,1006,1,,,,,,
80106,106,神武门南[危险],101#1,1,106,230,262,106,8,,,,1,20101#195#281,0,1#2#3#11,1,,1,1,1#2,,1,,,0,,,0,1,1000,1006,1,,,,,,
90106,106,神武门南[危险],101#1,1,106,230,262,106,9,,,,1,20101#195#281,0,1#2#3#11,1,,1,1,1#2,,1,,,0,,,0,1,1000,1006,1,,,,,,
100106,106,神武门南[危险],101#1,1,106,230,262,106,10,,,,1,20101#195#281,0,1#2#3#11,1,,1,1,1#2,,1,,,0,,,0,0,1000,1006,1,,,,,,
1021,1021,泫渤派南(修)[危险],3501#3,1,1021,271,274,1021,1,,,,1,101#195#281,0,1#2#3#11,1,,1,1,1#2,,1,,,0,,,0,1,1000,,1,,,,,,
201021,1021,泫渤派南(修)[危险],4101#1&3501#3,1,201021,271,274,1021,2,,,,1,20101#195#281,0,1#2#3#11,1,,1,1,1#2,,1,,,0,火龙之心1阶可进入,,0,1,3000,,1,,,,,,
1091,1091,南明湖(修)[危险],3501#8,1,1091,270,265,1091,1,,,,1,101#195#281,0,1#2#3#11,1,,1,1,1#2,,1,,,0,,,0,1,1000,1006,1,,,,,,
201091,1091,南明湖(修)[危险],4101#6&3501#8,1,201091,270,265,1091,2,,,,1,20101#195#281,0,1#2#3#11,1,,1,1,1#2,,1,,,0,火龙之心6阶可进入,,0,1,3000,1006,1,,,,,,
301091,1091,南明湖(修)[危险],4101#16&3501#8,1,301091,270,265,1091,3,,,,1,30101#195#281,0,1#2#3#11,1,,1,1,1#2,,1,,,0,火龙之心16阶可进入,,0,1,5000,1006,1,,,,,,
108,108,北海冰宫(修)[危险],3501#13,1,108,260,226,108,1,,,,1,101#195#281,0,1#2#3#11,1,,1,1,1#2,,1,,,0,,,0,1,1000,1006,1,,,,,,
20108,108,北海冰宫(修)[危险],4101#11&3501#13,1,20108,260,226,108,2,,,,1,20101#195#281,0,1#2#3#11,1,,1,1,1#2,,1,,,0,火龙之心11阶可进入,,0,1,3000,1006,1,,,,,,
30108,108,北海冰宫(修)[危险],4101#21&3501#13,1,30108,260,226,108,3,,,,1,30101#195#281,0,1#2#3#11,1,,1,1,1#2,,1,,,0,火龙之心21阶可进入,,0,1,5000,1006,1,,,,,,
1151,1151,南林(修)[危险],3501#17,1,1151,230,230,1151,1,,,,1,101#195#281,0,1#2#3#11,1,,1,1,1#2,,1,,,0,,,0,1,1000,1006,1,,,,,,
201151,1151,南林(修)[危险],4101#16&3501#17,1,201151,230,230,1151,2,,,,1,20101#195#281,0,1#2#3#11,1,,1,1,1#2,,1,,,0,火龙之心16阶可进入,,0,1,3000,1006,1,,,,,,
301151,1151,南林(修)[危险],4101#26&3501#17,1,301151,230,230,1151,3,,,,1,30101#195#281,0,1#2#3#11,1,,1,1,1#2,,1,,,0,火龙之心26阶可进入,,0,1,5000,1006,1,,,,,,
1172,1172,虎峡谷(修)[危险],3501#23,1,1172,230,201,1172,1,,,,1,101#195#281,0,1#2#3#11,1,,1,1,1#2,,1,,,0,,,0,1,1000,1006,1,,,,,,
201172,1172,虎峡谷(修)[危险],4101#21&3501#23,1,201172,230,201,1172,2,,,,1,20101#195#281,0,1#2#3#11,1,,1,1,1#2,,1,,,0,火龙之心21阶可进入,,0,1,3000,1006,1,,,,,,
301172,1172,虎峡谷(修)[危险],4101#31&3501#23,1,301172,230,201,1172,3,,,,1,30101#195#281,0,1#2#3#11,1,,1,1,1#2,,1,,,0,火龙之心31阶可进入,,0,1,5000,1006,1,,,,,,
120,120,花亭平原(修)[危险],3501#27,1,120,209,203,120,1,,,,1,101#195#281,0,1#2#3#11,1,,1,1,1#2,,1,,,0,,,0,1,1000,1006,1,,,,,,
20120,120,花亭平原(修)[危险],4101#26&3501#27,1,20120,209,203,120,2,,,,1,20101#195#281,0,1#2#3#11,1,,1,1,1#2,,1,,,0,火龙之心26阶可进入,,0,1,3000,1006,1,,,,,,
30120,120,花亭平原(修)[危险],4101#36&3501#27,1,30120,209,203,120,3,,,,1,30101#195#281,0,1#2#3#11,1,,1,1,1#2,,1,,,0,火龙之心36阶可进入,,0,1,5000,1006,1,,,,,,
229,229,门派驻地,101#1,2,229,115,115,229,0,,,1,1,20101#195#281,0,10,1,,1,1,1#2,,1,,,0,,,1,,,,0,,,,,,1
224,224,正邪战场,101#1,2,224,128,122,224,1,,,1,2,101#195#281,0,1#13,1,,1,1,1#2,,1,,,0,,,0,0,,,1,1,,,,,1
500001,500001,天魔神宫,101#35,2,500001,274,274,500001,1,,,,1,101#195#281,0,1#12,1,,1,1,1#2,,1,,1,0,,,0,0,,1006,1,1,,,,,1
50000101,50000101,飞升修炼场,201#711#721#811#821#911#921#712#722#812#822#912#922#713#723#813#823#913#923#714#724#814#824#914#924#715#725#815#825#915#925,1,50000101,274,274,50000101,1,,,,1,101#195#281,0,1#2#3#11,1,,1,1,1#2,,1,,,0,,,0,1,1000,,1,,,,,1,
50000102,50000101,飞升修炼场,4101#31&201#711#721#811#821#911#921#712#722#812#822#912#922#713#723#813#823#913#923#714#724#814#824#914#924#715#725#815#825#915#925,1,50000101,274,274,50000101,2,,,,1,101#195#281,0,1#2#3#11,1,,1,1,1#2,,1,,,0,火龙之心31阶可进入,,0,1,3000,,1,,,,,1,
50000103,50000101,飞升修炼场,4101#41&201#711#721#811#821#911#921#712#722#812#822#912#922#713#723#813#823#913#923#714#724#814#824#914#924#715#725#815#825#915#925,1,50000101,274,274,50000101,3,,,,1,101#195#281,0,1#2#3#11,1,,1,1,1#2,,1,,,0,火龙之心41阶可进入,,0,1,5000,,1,,,,,1,
2012,2012,地下密路一层,101#1,2,2012,170,170,2012,0,,,1,1,101#195#281,0,18,1,,1,1,1#2,,1,,,0,,,1,,,,1,,,,,,
2010002,2010002,地下密路二层,101#1,2,2010002,170,170,2010002,0,,,1,1,101#195#281,0,18,1,,1,1,1#2,,1,,,0,,,1,,,,1,,,,,,
2010003,2010003,地下密路三层,101#1,2,2010003,170,170,2010003,0,,,1,1,101#195#281,0,18,1,,1,1,1#2,,1,,,0,,,1,,,,1,,,,,,
2010004,2010004,地下密路四层,101#1,2,2010004,170,170,2010004,0,,,1,1,101#195#281,0,18,1,,1,1,1#2,,1,,,0,,,1,,,,1,,,,,,
2010005,2010005,地下密路五层,101#1,2,2010005,170,170,2010005,0,,,1,1,101#195#281,0,18,1,,1,1,1#2,,1,,,0,,,1,,,,1,,,,,,
2010006,2010006,地下密路六层,101#1,2,2010006,170,170,2010006,0,,,1,1,101#195#281,0,18,1,,1,1,1#2,,1,,,0,,,1,,,,1,,,,,,
2010007,2010007,地下密路七层,101#1,2,2010007,170,170,2010007,0,,,1,1,101#195#281,0,18,1,,1,1,1#2,,1,,,0,,,1,,,,1,,,,,,
2010008,2010008,地下密路八层,101#1,2,2010008,170,170,2010008,0,,,1,1,101#195#281,0,18,1,,1,1,1#2,,1,,,0,,,1,,,,1,,,,,,
2010009,2010009,地下密路九层,101#1,2,2010009,170,170,2010009,0,,,1,1,101#195#281,0,18,1,,1,1,1#2,,1,,,0,,,1,,,,1,,,,,,
2010010,2010010,地下密路十层,101#1,2,2010010,170,170,2010010,0,,,1,1,101#195#281,0,18,1,,1,1,1#2,,1,,,0,,,1,,,,1,,,,,,
2010011,2010011,地下密路十一层,101#1,2,2010011,170,170,2010011,0,,,1,1,101#195#281,0,18,1,,1,1,1#2,,1,,,0,,,1,,,,1,,,,,,
2010012,2010012,地下密路十二层,101#1,2,2010012,170,170,2010012,0,,,1,1,101#195#281,0,18,1,,1,1,1#2,,1,,,0,,,1,,,,1,,,,,,
207,207,万寿阁[安全],101#1,1,207,220,220,207,1,,,,1,101#195#281,0,1#2#3#11,1,,1,1,1#2,,1,,,0,,,1,0,,,1,,,,,,
20207,207,万寿阁[安全],101#1,1,207,220,220,207,2,,,,1,20101#195#281,0,1#2#3#11,1,,1,1,1#2,,1,,,0,,,1,1,,,1,,,,,,
30207,207,万寿阁[安全],101#1,1,207,220,220,207,3,,,,1,20101#195#281,0,1#2#3#11,1,,1,1,1#2,,1,,,0,,,1,1,,,1,,,,,,
40207,207,万寿阁[安全],101#1,1,207,220,220,207,4,,,,1,20101#195#281,0,1#2#3#11,1,,1,1,1#2,,1,,,0,,,1,0,,,1,,,,,,
50207,207,万寿阁[安全],101#1,1,207,220,220,207,5,,,,1,20101#195#281,0,1#2#3#11,1,,1,1,1#2,,1,,,0,,,1,1,,,1,,,,,,
60207,207,万寿阁[安全],101#1,1,207,220,220,207,6,,,,1,20101#195#281,0,1#2#3#11,1,,1,1,1#2,,1,,,0,,,1,1,,,1,,,,,,
70207,207,万寿阁[安全],101#1,1,207,220,220,207,7,,,,1,20101#195#281,0,1#2#3#11,1,,1,1,1#2,,1,,,0,,,1,0,,,1,,,,,,
80207,207,万寿阁[安全],101#1,1,207,220,220,207,8,,,,1,20101#195#281,0,1#2#3#11,1,,1,1,1#2,,1,,,0,,,1,1,,,1,,,,,,
90207,207,万寿阁[安全],101#1,1,207,220,220,207,9,,,,1,20101#195#281,0,1#2#3#11,1,,1,1,1#2,,1,,,0,,,1,1,,,1,,,,,,
100207,207,万寿阁[安全],101#1,1,207,220,220,207,10,,,,1,20101#195#281,0,1#2#3#11,1,,1,1,1#2,,1,,,0,,,1,0,,,1,,,,,,
2071,2071,无天阁[安全],101#1,1,2071,220,220,2071,1,,,,1,101#195#281,0,1#2#3#11,1,,1,1,1#2,,1,,,0,,,1,0,,,1,,,,,,
202071,2071,无天阁[安全],101#1,1,2071,220,220,2071,2,,,,1,20101#195#281,0,1#2#3#11,1,,1,1,1#2,,1,,,0,,,1,1,,,1,,,,,,
302071,2071,无天阁[安全],101#1,1,2071,220,220,2071,3,,,,1,20101#195#281,0,1#2#3#11,1,,1,1,1#2,,1,,,0,,,1,1,,,1,,,,,,
402071,2071,无天阁[安全],101#1,1,2071,220,220,2071,4,,,,1,20101#195#281,0,1#2#3#11,1,,1,1,1#2,,1,,,0,,,1,0,,,1,,,,,,
502071,2071,无天阁[安全],101#1,1,2071,220,220,2071,5,,,,1,20101#195#281,0,1#2#3#11,1,,1,1,1#2,,1,,,0,,,1,1,,,1,,,,,,
602071,2071,无天阁[安全],101#1,1,2071,220,220,2071,6,,,,1,20101#195#281,0,1#2#3#11,1,,1,1,1#2,,1,,,0,,,1,1,,,1,,,,,,
702071,2071,无天阁[安全],101#1,1,2071,220,220,2071,7,,,,1,20101#195#281,0,1#2#3#11,1,,1,1,1#2,,1,,,0,,,1,0,,,1,,,,,,
802071,2071,无天阁[安全],101#1,1,2071,220,220,2071,8,,,,1,20101#195#281,0,1#2#3#11,1,,1,1,1#2,,1,,,0,,,1,1,,,1,,,,,,
902071,2071,无天阁[安全],101#1,1,2071,220,220,2071,9,,,,1,20101#195#281,0,1#2#3#11,1,,1,1,1#2,,1,,,0,,,1,1,,,1,,,,,,
1002071,2071,无天阁[安全],101#1,1,2071,220,220,2071,10,,,,1,20101#195#281,0,1#2#3#11,1,,1,1,1#2,,1,,,0,,,1,0,,,1,,,,,,
112,112,百武关[安全],101#1,1,112,274,274,112,1,,,,1,101#195#281,0,1#2#3#11,1,,1,1,1#2,,1,,,0,,,1,0,,,1,,,,,,
20112,112,百武关[危险],101#1,1,112,274,274,112,2,,,,1,20101#195#281,0,1#2#3#11,1,,1,1,1#2,,1,,,0,,,0,1,1000,1006,1,,,,,,
30112,112,百武关[危险],101#1,1,112,274,274,112,3,,,,1,20101#195#281,0,1#2#3#11,1,,1,1,1#2,,1,,,0,,,0,1,1000,1006,1,,,,,,
40112,112,百武关[危险],101#1,1,112,274,274,112,4,,,,1,20101#195#281,0,1#2#3#11,1,,1,1,1#2,,1,,,0,,,0,0,1000,1006,1,,,,,,
50112,112,百武关[危险],101#1,1,112,274,274,112,5,,,,1,20101#195#281,0,1#2#3#11,1,,1,1,1#2,,1,,,0,,,0,1,1000,1006,1,,,,,,
60112,112,百武关[危险],101#1,1,112,274,274,112,6,,,,1,20101#195#281,0,1#2#3#11,1,,1,1,1#2,,1,,,0,,,0,1,1000,1006,1,,,,,,
70112,112,百武关[危险],101#1,1,112,274,274,112,7,,,,1,20101#195#281,0,1#2#3#11,1,,1,1,1#2,,1,,,0,,,0,0,1000,1006,1,,,,,,
80112,112,百武关[危险],101#1,1,112,274,274,112,8,,,,1,20101#195#281,0,1#2#3#11,1,,1,1,1#2,,1,,,0,,,0,1,1000,1006,1,,,,,,
90112,112,百武关[危险],101#1,1,112,274,274,112,9,,,,1,20101#195#281,0,1#2#3#11,1,,1,1,1#2,,1,,,0,,,0,1,1000,1006,1,,,,,,
100112,112,百武关[危险],101#1,1,112,274,274,112,10,,,,1,20101#195#281,0,1#2#3#11,1,,1,1,1#2,,1,,,0,,,0,0,1000,1006,1,,,,,,
113,113,百武关南[安全],101#1,1,113,235,235,113,1,,,,1,101#195#281,0,1#2#3#11,1,,1,1,1#2,,1,,,0,,,1,0,,,1,,,,,,
20113,113,百武关南[危险],101#1,1,113,235,235,113,2,,,,1,20101#195#281,0,1#2#3#11,1,,1,1,1#2,,1,,,0,,,0,1,1000,1006,1,,,,,,
30113,113,百武关南[危险],101#1,1,113,235,235,113,3,,,,1,20101#195#281,0,1#2#3#11,1,,1,1,1#2,,1,,,0,,,0,1,1000,1006,1,,,,,,
40113,113,百武关南[危险],101#1,1,113,235,235,113,4,,,,1,20101#195#281,0,1#2#3#11,1,,1,1,1#2,,1,,,0,,,0,0,1000,1006,1,,,,,,
50113,113,百武关南[危险],101#1,1,113,235,235,113,5,,,,1,20101#195#281,0,1#2#3#11,1,,1,1,1#2,,1,,,0,,,0,1,1000,1006,1,,,,,,
60113,113,百武关南[危险],101#1,1,113,235,235,113,6,,,,1,20101#195#281,0,1#2#3#11,1,,1,1,1#2,,1,,,0,,,0,1,1000,1006,1,,,,,,
70113,113,百武关南[危险],101#1,1,113,235,235,113,7,,,,1,20101#195#281,0,1#2#3#11,1,,1,1,1#2,,1,,,0,,,0,0,1000,1006,1,,,,,,
80113,113,百武关南[危险],101#1,1,113,235,235,113,8,,,,1,20101#195#281,0,1#2#3#11,1,,1,1,1#2,,1,,,0,,,0,1,1000,1006,1,,,,,,
90113,113,百武关南[危险],101#1,1,113,235,235,113,9,,,,1,20101#195#281,0,1#2#3#11,1,,1,1,1#2,,1,,,0,,,0,1,1000,1006,1,,,,,,
100113,113,百武关南[危险],101#1,1,113,235,235,113,10,,,,1,20101#195#281,0,1#2#3#11,1,,1,1,1#2,,1,,,0,,,0,0,1000,1006,1,,,,,,
201,201,地灵洞一层[安全],101#1,1,201,170,170,201,1,,,,1,101#195#281,0,1#2#3#11,1,,1,1,1#2,,1,,,0,,,1,0,,,1,,,,,,
20201,201,地灵洞一层[危险],101#1,1,201,170,170,201,2,,,,1,20101#195#281,0,1#2#3#11,1,,1,1,1#2,,1,,,0,,,0,1,1000,1006,1,,,,,,
30201,201,地灵洞一层[危险],101#1,1,201,170,170,201,3,,,,1,20101#195#281,0,1#2#3#11,1,,1,1,1#2,,1,,,0,,,0,1,1000,1006,1,,,,,,
40201,201,地灵洞一层[危险],101#1,1,201,170,170,201,4,,,,1,20101#195#281,0,1#2#3#11,1,,1,1,1#2,,1,,,0,,,0,0,1000,1006,1,,,,,,
50201,201,地灵洞一层[危险],101#1,1,201,170,170,201,5,,,,1,20101#195#281,0,1#2#3#11,1,,1,1,1#2,,1,,,0,,,0,1,1000,1006,1,,,,,,
60201,201,地灵洞一层[危险],101#1,1,201,170,170,201,6,,,,1,20101#195#281,0,1#2#3#11,1,,1,1,1#2,,1,,,0,,,0,1,1000,1006,1,,,,,,
70201,201,地灵洞一层[危险],101#1,1,201,170,170,201,7,,,,1,20101#195#281,0,1#2#3#11,1,,1,1,1#2,,1,,,0,,,0,0,1000,1006,1,,,,,,
80201,201,地灵洞一层[危险],101#1,1,201,170,170,201,8,,,,1,20101#195#281,0,1#2#3#11,1,,1,1,1#2,,1,,,0,,,0,1,1000,1006,1,,,,,,
90201,201,地灵洞一层[危险],101#1,1,201,170,170,201,9,,,,1,20101#195#281,0,1#2#3#11,1,,1,1,1#2,,1,,,0,,,0,1,1000,1006,1,,,,,,
110201,201,地灵洞一层[危险],101#1,1,201,170,170,201,10,,,,1,20101#195#281,0,1#2#3#11,1,,1,1,1#2,,1,,,0,,,0,0,1000,1006,1,,,,,,
202,202,地灵洞二层[安全],101#1,1,202,170,170,202,1,,,,1,101#195#281,0,1#2#3#11,1,,1,1,1#2,,1,,,0,,,1,0,,,1,,,,,,
20202,202,地灵洞二层[危险],101#1,1,202,170,170,202,2,,,,1,20101#195#281,0,1#2#3#11,1,,1,1,1#2,,1,,,0,,,0,1,1000,1006,1,,,,,,
30202,202,地灵洞二层[危险],101#1,1,202,170,170,202,3,,,,1,20101#195#281,0,1#2#3#11,1,,1,1,1#2,,1,,,0,,,0,1,1000,1006,1,,,,,,
40202,202,地灵洞二层[危险],101#1,1,202,170,170,202,4,,,,1,20101#195#281,0,1#2#3#11,1,,1,1,1#2,,1,,,0,,,0,0,1000,1006,1,,,,,,
50202,202,地灵洞二层[危险],101#1,1,202,170,170,202,5,,,,1,20101#195#281,0,1#2#3#11,1,,1,1,1#2,,1,,,0,,,0,1,1000,1006,1,,,,,,
60202,202,地灵洞二层[危险],101#1,1,202,170,170,202,6,,,,1,20101#195#281,0,1#2#3#11,1,,1,1,1#2,,1,,,0,,,0,1,1000,1006,1,,,,,,
70202,202,地灵洞二层[危险],101#1,1,202,170,170,202,7,,,,1,20101#195#281,0,1#2#3#11,1,,1,1,1#2,,1,,,0,,,0,0,1000,1006,1,,,,,,
80202,202,地灵洞二层[危险],101#1,1,202,170,170,202,8,,,,1,20101#195#281,0,1#2#3#11,1,,1,1,1#2,,1,,,0,,,0,1,1000,1006,1,,,,,,
90202,202,地灵洞二层[危险],101#1,1,202,170,170,202,9,,,,1,20101#195#281,0,1#2#3#11,1,,1,1,1#2,,1,,,0,,,0,1,1000,1006,1,,,,,,
110202,202,地灵洞二层[危险],101#1,1,202,170,170,202,10,,,,1,20101#195#281,0,1#2#3#11,1,,1,1,1#2,,1,,,0,,,0,0,1000,1006,1,,,,,,
203,203,地灵洞三层[安全],101#1,1,203,170,170,203,1,,,,1,101#195#281,0,1#2#3#11,1,,1,1,1#2,,1,,,0,,,1,0,,,1,,,,,,
20203,203,地灵洞三层[危险],101#1,1,203,170,170,203,2,,,,1,20101#195#281,0,1#2#3#11,1,,1,1,1#2,,1,,,0,,,0,1,1000,1006,1,,,,,,
30203,203,地灵洞三层[危险],101#1,1,203,170,170,203,3,,,,1,20101#195#281,0,1#2#3#11,1,,1,1,1#2,,1,,,0,,,0,1,1000,1006,1,,,,,,
40203,203,地灵洞三层[危险],101#1,1,203,170,170,203,4,,,,1,20101#195#281,0,1#2#3#11,1,,1,1,1#2,,1,,,0,,,0,0,1000,1006,1,,,,,,
50203,203,地灵洞三层[危险],101#1,1,203,170,170,203,5,,,,1,20101#195#281,0,1#2#3#11,1,,1,1,1#2,,1,,,0,,,0,1,1000,1006,1,,,,,,
60203,203,地灵洞三层[危险],101#1,1,203,170,170,203,6,,,,1,20101#195#281,0,1#2#3#11,1,,1,1,1#2,,1,,,0,,,0,1,1000,1006,1,,,,,,
70203,203,地灵洞三层[危险],101#1,1,203,170,170,203,7,,,,1,20101#195#281,0,1#2#3#11,1,,1,1,1#2,,1,,,0,,,0,0,1000,1006,1,,,,,,
80203,203,地灵洞三层[危险],101#1,1,203,170,170,203,8,,,,1,20101#195#281,0,1#2#3#11,1,,1,1,1#2,,1,,,0,,,0,1,1000,1006,1,,,,,,
90203,203,地灵洞三层[危险],101#1,1,203,170,170,203,9,,,,1,20101#195#281,0,1#2#3#11,1,,1,1,1#2,,1,,,0,,,0,1,1000,1006,1,,,,,,
110203,203,地灵洞三层[危险],101#1,1,203,170,170,203,10,,,,1,20101#195#281,0,1#2#3#11,1,,1,1,1#2,,1,,,0,,,0,0,1000,1006,1,,,,,,
130,130,渊竹林[安全],101#1,1,130,248,234,130,1,,,,1,101#195#281,0,1#2#3#11,1,,1,1,1#2,,1,,,0,,,1,0,,,1,,,,,,
20130,130,渊竹林[安全],101#1,1,130,248,234,130,2,,,,1,20101#195#281,0,1#2#3#11,1,,1,1,1#2,,1,,,0,,,1,1,,,1,,,,,,
30130,130,渊竹林[安全],101#1,1,130,248,234,130,3,,,,1,20101#195#281,0,1#2#3#11,1,,1,1,1#2,,1,,,0,,,1,1,,,1,,,,,,
40130,130,渊竹林[安全],101#1,1,130,248,234,130,4,,,,1,20101#195#281,0,1#2#3#11,1,,1,1,1#2,,1,,,0,,,1,0,,,1,,,,,,
50130,130,渊竹林[安全],101#1,1,130,248,234,130,5,,,,1,20101#195#281,0,1#2#3#11,1,,1,1,1#2,,1,,,0,,,1,1,,,1,,,,,,
60130,130,渊竹林[安全],101#1,1,130,248,234,130,6,,,,1,20101#195#281,0,1#2#3#11,1,,1,1,1#2,,1,,,0,,,1,1,,,1,,,,,,
70130,130,渊竹林[安全],101#1,1,130,248,234,130,7,,,,1,20101#195#281,0,1#2#3#11,1,,1,1,1#2,,1,,,0,,,1,0,,,1,,,,,,
80130,130,渊竹林[安全],101#1,1,130,248,234,130,8,,,,1,20101#195#281,0,1#2#3#11,1,,1,1,1#2,,1,,,0,,,1,1,,,1,,,,,,
90130,130,渊竹林[安全],101#1,1,130,248,234,130,9,,,,1,20101#195#281,0,1#2#3#11,1,,1,1,1#2,,1,,,0,,,1,1,,,1,,,,,,
100130,130,渊竹林[安全],101#1,1,130,248,234,130,10,,,,1,20101#195#281,0,1#2#3#11,1,,1,1,1#2,,1,,,0,,,1,0,,,1,,,,,,
1301,1301,竹火林[安全],101#1,1,1301,248,234,1301,1,,,,1,101#195#281,0,1#2#3#11,1,,1,1,1#2,,1,,,0,,,1,0,,,1,,,,,,
201301,1301,竹火林[安全],101#1,1,1301,248,234,1301,2,,,,1,20101#195#281,0,1#2#3#11,1,,1,1,1#2,,1,,,0,,,1,1,,,1,,,,,,
301301,1301,竹火林[安全],101#1,1,1301,248,234,1301,3,,,,1,20101#195#281,0,1#2#3#11,1,,1,1,1#2,,1,,,0,,,1,1,,,1,,,,,,
401301,1301,竹火林[安全],101#1,1,1301,248,234,1301,4,,,,1,20101#195#281,0,1#2#3#11,1,,1,1,1#2,,1,,,0,,,1,0,,,1,,,,,,
501301,1301,竹火林[安全],101#1,1,1301,248,234,1301,5,,,,1,20101#195#281,0,1#2#3#11,1,,1,1,1#2,,1,,,0,,,1,1,,,1,,,,,,
601301,1301,竹火林[安全],101#1,1,1301,248,234,1301,6,,,,1,20101#195#281,0,1#2#3#11,1,,1,1,1#2,,1,,,0,,,1,1,,,1,,,,,,
701301,1301,竹火林[安全],101#1,1,1301,248,234,1301,7,,,,1,20101#195#281,0,1#2#3#11,1,,1,1,1#2,,1,,,0,,,1,0,,,1,,,,,,
801301,1301,竹火林[安全],101#1,1,1301,248,234,1301,8,,,,1,20101#195#281,0,1#2#3#11,1,,1,1,1#2,,1,,,0,,,1,1,,,1,,,,,,
901301,1301,竹火林[安全],101#1,1,1301,248,234,1301,9,,,,1,20101#195#281,0,1#2#3#11,1,,1,1,1#2,,1,,,0,,,1,1,,,1,,,,,,
1001301,1301,竹火林[安全],101#1,1,1301,248,234,1301,10,,,,1,20101#195#281,0,1#2#3#11,1,,1,1,1#2,,1,,,0,,,1,0,,,1,,,,,,
123,123,柳善提督府[安全],101#1,1,123,267,267,123,1,,,,1,101#195#281,0,1#2#3#11,1,,1,1,1#2,,1,,,0,,,1,0,,,1,,,,,,
20123,123,柳善提督府[危险],101#1,1,123,267,267,123,2,,,,1,20101#195#281,0,1#2#3#11,1,,1,1,1#2,,1,,,0,,,0,1,1000,1006,1,,,,,,
30123,123,柳善提督府[危险],101#1,1,123,267,267,123,3,,,,1,20101#195#281,0,1#2#3#11,1,,1,1,1#2,,1,,,0,,,0,1,1000,1006,1,,,,,,
40123,123,柳善提督府[危险],101#1,1,123,267,267,123,4,,,,1,20101#195#281,0,1#2#3#11,1,,1,1,1#2,,1,,,0,,,0,0,1000,1006,1,,,,,,
50123,123,柳善提督府[危险],101#1,1,123,267,267,123,5,,,,1,20101#195#281,0,1#2#3#11,1,,1,1,1#2,,1,,,0,,,0,1,1000,1006,1,,,,,,
60123,123,柳善提督府[危险],101#1,1,123,267,267,123,6,,,,1,20101#195#281,0,1#2#3#11,1,,1,1,1#2,,1,,,0,,,0,1,1000,1006,1,,,,,,
70123,123,柳善提督府[危险],101#1,1,123,267,267,123,7,,,,1,20101#195#281,0,1#2#3#11,1,,1,1,1#2,,1,,,0,,,0,0,1000,1006,1,,,,,,
80123,123,柳善提督府[危险],101#1,1,123,267,267,123,8,,,,1,20101#195#281,0,1#2#3#11,1,,1,1,1#2,,1,,,0,,,0,1,1000,1006,1,,,,,,
90123,123,柳善提督府[危险],101#1,1,123,267,267,123,9,,,,1,20101#195#281,0,1#2#3#11,1,,1,1,1#2,,1,,,0,,,0,1,1000,1006,1,,,,,,
100123,123,柳善提督府[危险],101#1,1,123,267,267,123,10,,,,1,20101#195#281,0,1#2#3#11,1,,1,1,1#2,,1,,,0,,,0,0,1000,1006,1,,,,,,
124,124,柳善提督府外围[安全],101#1,1,124,227,230,124,1,,,,1,101#195#281,0,1#2#3#11,1,,1,1,1#2,,1,,,0,,,1,0,,,1,,,,,,
20124,124,柳善提督府外围[危险],101#1,1,124,227,230,124,2,,,,1,20101#195#281,0,1#2#3#11,1,,1,1,1#2,,1,,,0,,,0,1,1000,1006,1,,,,,,
30124,124,柳善提督府外围[危险],101#1,1,124,227,230,124,3,,,,1,20101#195#281,0,1#2#3#11,1,,1,1,1#2,,1,,,0,,,0,1,1000,1006,1,,,,,,
40124,124,柳善提督府外围[危险],101#1,1,124,227,230,124,4,,,,1,20101#195#281,0,1#2#3#11,1,,1,1,1#2,,1,,,0,,,0,0,1000,1006,1,,,,,,
50124,124,柳善提督府外围[危险],101#1,1,124,227,230,124,5,,,,1,20101#195#281,0,1#2#3#11,1,,1,1,1#2,,1,,,0,,,0,1,1000,1006,1,,,,,,
60124,124,柳善提督府外围[危险],101#1,1,124,227,230,124,6,,,,1,20101#195#281,0,1#2#3#11,1,,1,1,1#2,,1,,,0,,,0,1,1000,1006,1,,,,,,
70124,124,柳善提督府外围[危险],101#1,1,124,227,230,124,7,,,,1,20101#195#281,0,1#2#3#11,1,,1,1,1#2,,1,,,0,,,0,0,1000,1006,1,,,,,,
80124,124,柳善提督府外围[危险],101#1,1,124,227,230,124,8,,,,1,20101#195#281,0,1#2#3#11,1,,1,1,1#2,,1,,,0,,,0,1,1000,1006,1,,,,,,
90124,124,柳善提督府外围[危险],101#1,1,124,227,230,124,9,,,,1,20101#195#281,0,1#2#3#11,1,,1,1,1#2,,1,,,0,,,0,1,1000,1006,1,,,,,,
100124,124,柳善提督府外围[危险],101#1,1,124,227,230,124,10,,,,1,20101#195#281,0,1#2#3#11,1,,1,1,1#2,,1,,,0,,,0,0,1000,1006,1,,,,,,
125,125,松月关[安全],101#1,1,125,266,266,125,1,,,,1,101#195#281,0,1#2#3#11,1,,1,1,1#2,,1,,,0,,,1,0,,,1,,,,,,
20125,125,松月关[危险],101#1,1,125,266,266,125,2,,,,1,20101#195#281,0,1#2#3#11,1,,1,1,1#2,,1,,,0,,,0,1,1000,1006,1,,,,,,
30125,125,松月关[危险],101#1,1,125,266,266,125,3,,,,1,20101#195#281,0,1#2#3#11,1,,1,1,1#2,,1,,,0,,,0,1,1000,1006,1,,,,,,
40125,125,松月关[危险],101#1,1,125,266,266,125,4,,,,1,20101#195#281,0,1#2#3#11,1,,1,1,1#2,,1,,,0,,,0,0,1000,1006,1,,,,,,
50125,125,松月关[危险],101#1,1,125,266,266,125,5,,,,1,20101#195#281,0,1#2#3#11,1,,1,1,1#2,,1,,,0,,,0,1,1000,1006,1,,,,,,
60125,125,松月关[危险],101#1,1,125,266,266,125,6,,,,1,20101#195#281,0,1#2#3#11,1,,1,1,1#2,,1,,,0,,,0,1,1000,1006,1,,,,,,
70125,125,松月关[危险],101#1,1,125,266,266,125,7,,,,1,20101#195#281,0,1#2#3#11,1,,1,1,1#2,,1,,,0,,,0,0,1000,1006,1,,,,,,
80125,125,松月关[危险],101#1,1,125,266,266,125,8,,,,1,20101#195#281,0,1#2#3#11,1,,1,1,1#2,,1,,,0,,,0,1,1000,1006,1,,,,,,
90125,125,松月关[危险],101#1,1,125,266,266,125,9,,,,1,20101#195#281,0,1#2#3#11,1,,1,1,1#2,,1,,,0,,,0,1,1000,1006,1,,,,,,
100125,125,松月关[危险],101#1,1,125,266,266,125,10,,,,1,20101#195#281,0,1#2#3#11,1,,1,1,1#2,,1,,,0,,,0,0,1000,1006,1,,,,,,
126,126,松月关外角[安全],101#1,1,126,230,230,126,1,,,,1,101#195#281,0,1#2#3#11,1,,1,1,1#2,,1,,,0,,,1,0,,,1,,,,,,
20126,126,松月关外角[危险],101#1,1,126,230,230,126,2,,,,1,20101#195#281,0,1#2#3#11,1,,1,1,1#2,,1,,,0,,,0,1,1000,1006,1,,,,,,
30126,126,松月关外角[危险],101#1,1,126,230,230,126,3,,,,1,20101#195#281,0,1#2#3#11,1,,1,1,1#2,,1,,,0,,,0,1,1000,1006,1,,,,,,
40126,126,松月关外角[危险],101#1,1,126,230,230,126,4,,,,1,20101#195#281,0,1#2#3#11,1,,1,1,1#2,,1,,,0,,,0,0,1000,1006,1,,,,,,
50126,126,松月关外角[危险],101#1,1,126,230,230,126,5,,,,1,20101#195#281,0,1#2#3#11,1,,1,1,1#2,,1,,,0,,,0,1,1000,1006,1,,,,,,
60126,126,松月关外角[危险],101#1,1,126,230,230,126,6,,,,1,20101#195#281,0,1#2#3#11,1,,1,1,1#2,,1,,,0,,,0,1,1000,1006,1,,,,,,
70126,126,松月关外角[危险],101#1,1,126,230,230,126,7,,,,1,20101#195#281,0,1#2#3#11,1,,1,1,1#2,,1,,,0,,,0,0,1000,1006,1,,,,,,
80126,126,松月关外角[危险],101#1,1,126,230,230,126,8,,,,1,20101#195#281,0,1#2#3#11,1,,1,1,1#2,,1,,,0,,,0,1,1000,1006,1,,,,,,
90126,126,松月关外角[危险],101#1,1,126,230,230,126,9,,,,1,20101#195#281,0,1#2#3#11,1,,1,1,1#2,,1,,,0,,,0,1,1000,1006,1,,,,,,
100126,126,松月关外角[危险],101#1,1,126,230,230,126,10,,,,1,20101#195#281,0,1#2#3#11,1,,1,1,1#2,,1,,,0,,,0,0,1000,1006,1,,,,,,
204,204,血魔洞一层[安全],101#1,1,204,200,200,204,1,,,,1,101#195#281,0,1#2#3#11,1,,1,1,1#2,,1,,,0,,,1,0,,,1,,,,,,
20204,204,血魔洞一层[危险],101#1,1,204,200,200,204,2,,,,1,20101#195#281,0,1#2#3#11,1,,1,1,1#2,,1,,,0,,,0,1,1000,1006,1,,,,,,
30204,204,血魔洞一层[危险],101#1,1,204,200,200,204,3,,,,1,20101#195#281,0,1#2#3#11,1,,1,1,1#2,,1,,,0,,,0,1,1000,1006,1,,,,,,
40204,204,血魔洞一层[危险],101#1,1,204,200,200,204,4,,,,1,20101#195#281,0,1#2#3#11,1,,1,1,1#2,,1,,,0,,,0,0,1000,1006,1,,,,,,
50204,204,血魔洞一层[危险],101#1,1,204,200,200,204,5,,,,1,20101#195#281,0,1#2#3#11,1,,1,1,1#2,,1,,,0,,,0,1,1000,1006,1,,,,,,
60204,204,血魔洞一层[危险],101#1,1,204,200,200,204,6,,,,1,20101#195#281,0,1#2#3#11,1,,1,1,1#2,,1,,,0,,,0,1,1000,1006,1,,,,,,
70204,204,血魔洞一层[危险],101#1,1,204,200,200,204,7,,,,1,20101#195#281,0,1#2#3#11,1,,1,1,1#2,,1,,,0,,,0,0,1000,1006,1,,,,,,
80204,204,血魔洞一层[危险],101#1,1,204,200,200,204,8,,,,1,20101#195#281,0,1#2#3#11,1,,1,1,1#2,,1,,,0,,,0,1,1000,1006,1,,,,,,
90204,204,血魔洞一层[危险],101#1,1,204,200,200,204,9,,,,1,20101#195#281,0,1#2#3#11,1,,1,1,1#2,,1,,,0,,,0,1,1000,1006,1,,,,,,
100204,204,血魔洞一层[危险],101#1,1,204,200,200,204,10,,,,1,20101#195#281,0,1#2#3#11,1,,1,1,1#2,,1,,,0,,,0,0,1000,1006,1,,,,,,
205,205,血魔洞二层[安全],101#1,1,205,200,180,205,1,,,,1,101#195#281,0,1#2#3#11,1,,1,1,1#2,,1,,,0,,,1,0,,,1,,,,,,
20205,205,血魔洞二层[危险],101#1,1,205,200,180,205,2,,,,1,20101#195#281,0,1#2#3#11,1,,1,1,1#2,,1,,,0,,,0,1,1000,1006,1,,,,,,
30205,205,血魔洞二层[危险],101#1,1,205,200,180,205,3,,,,1,20101#195#281,0,1#2#3#11,1,,1,1,1#2,,1,,,0,,,0,1,1000,1006,1,,,,,,
40205,205,血魔洞二层[危险],101#1,1,205,200,180,205,4,,,,1,20101#195#281,0,1#2#3#11,1,,1,1,1#2,,1,,,0,,,0,0,1000,1006,1,,,,,,
50205,205,血魔洞二层[危险],101#1,1,205,200,180,205,5,,,,1,20101#195#281,0,1#2#3#11,1,,1,1,1#2,,1,,,0,,,0,1,1000,1006,1,,,,,,
60205,205,血魔洞二层[危险],101#1,1,205,200,180,205,6,,,,1,20101#195#281,0,1#2#3#11,1,,1,1,1#2,,1,,,0,,,0,1,1000,1006,1,,,,,,
70205,205,血魔洞二层[危险],101#1,1,205,200,180,205,7,,,,1,20101#195#281,0,1#2#3#11,1,,1,1,1#2,,1,,,0,,,0,0,1000,1006,1,,,,,,
80205,205,血魔洞二层[危险],101#1,1,205,200,180,205,8,,,,1,20101#195#281,0,1#2#3#11,1,,1,1,1#2,,1,,,0,,,0,1,1000,1006,1,,,,,,
90205,205,血魔洞二层[危险],101#1,1,205,200,180,205,9,,,,1,20101#195#281,0,1#2#3#11,1,,1,1,1#2,,1,,,0,,,0,1,1000,1006,1,,,,,,
100205,205,血魔洞二层[危险],101#1,1,205,200,180,205,10,,,,1,20101#195#281,0,1#2#3#11,1,,1,1,1#2,,1,,,0,,,0,0,1000,1006,1,,,,,,
206,206,血魔洞三层[安全],101#1,1,206,170,170,206,1,,,,1,101#195#281,0,1#2#3#11,1,,1,1,1#2,,1,,,0,,,1,0,,,1,,,,,,
20206,206,血魔洞三层[危险],101#1,1,206,170,170,206,2,,,,1,20101#195#281,0,1#2#3#11,1,,1,1,1#2,,1,,,0,,,0,1,1000,1006,1,,,,,,
30206,206,血魔洞三层[危险],101#1,1,206,170,170,206,3,,,,1,20101#195#281,0,1#2#3#11,1,,1,1,1#2,,1,,,0,,,0,1,1000,1006,1,,,,,,
40206,206,血魔洞三层[危险],101#1,1,206,170,170,206,4,,,,1,20101#195#281,0,1#2#3#11,1,,1,1,1#2,,1,,,0,,,0,0,1000,1006,1,,,,,,
50206,206,血魔洞三层[危险],101#1,1,206,170,170,206,5,,,,1,20101#195#281,0,1#2#3#11,1,,1,1,1#2,,1,,,0,,,0,1,1000,1006,1,,,,,,
60206,206,血魔洞三层[危险],101#1,1,206,170,170,206,6,,,,1,20101#195#281,0,1#2#3#11,1,,1,1,1#2,,1,,,0,,,0,1,1000,1006,1,,,,,,
70206,206,血魔洞三层[危险],101#1,1,206,170,170,206,7,,,,1,20101#195#281,0,1#2#3#11,1,,1,1,1#2,,1,,,0,,,0,0,1000,1006,1,,,,,,
80206,206,血魔洞三层[危险],101#1,1,206,170,170,206,8,,,,1,20101#195#281,0,1#2#3#11,1,,1,1,1#2,,1,,,0,,,0,1,1000,1006,1,,,,,,
90206,206,血魔洞三层[危险],101#1,1,206,170,170,206,9,,,,1,20101#195#281,0,1#2#3#11,1,,1,1,1#2,,1,,,0,,,0,1,1000,1006,1,,,,,,
100206,206,血魔洞三层[危险],101#1,1,206,170,170,206,10,,,,1,20101#195#281,0,1#2#3#11,1,,1,1,1#2,,1,,,0,,,0,0,1000,1006,1,,,,,,
107,107,北海冰宫一层[安全],101#1,1,107,267,267,107,1,,,,1,101#195#281,0,1#2#3#11,1,,1,1,1#2,,1,,,0,,,1,0,,,1,,,,,,
20107,107,北海冰宫一层[危险],101#1,1,107,267,267,107,2,,,,1,20101#195#281,0,1#2#3#11,1,,1,1,1#2,,1,,,0,,,0,1,1000,1006,1,,,,,,
30107,107,北海冰宫一层[危险],101#1,1,107,267,267,107,3,,,,1,20101#195#281,0,1#2#3#11,1,,1,1,1#2,,1,,,0,,,0,1,1000,1006,1,,,,,,
40107,107,北海冰宫一层[危险],101#1,1,107,267,267,107,4,,,,1,20101#195#281,0,1#2#3#11,1,,1,1,1#2,,1,,,0,,,0,0,1000,1006,1,,,,,,
50107,107,北海冰宫一层[危险],101#1,1,107,267,267,107,5,,,,1,20101#195#281,0,1#2#3#11,1,,1,1,1#2,,1,,,0,,,0,1,1000,1006,1,,,,,,
60107,107,北海冰宫一层[危险],101#1,1,107,267,267,107,6,,,,1,20101#195#281,0,1#2#3#11,1,,1,1,1#2,,1,,,0,,,0,1,1000,1006,1,,,,,,
70107,107,北海冰宫一层[危险],101#1,1,107,267,267,107,7,,,,1,20101#195#281,0,1#2#3#11,1,,1,1,1#2,,1,,,0,,,0,0,1000,1006,1,,,,,,
80107,107,北海冰宫一层[危险],101#1,1,107,267,267,107,8,,,,1,20101#195#281,0,1#2#3#11,1,,1,1,1#2,,1,,,0,,,0,1,1000,1006,1,,,,,,
90107,107,北海冰宫一层[危险],101#1,1,107,267,267,107,9,,,,1,20101#195#281,0,1#2#3#11,1,,1,1,1#2,,1,,,0,,,0,1,1000,1006,1,,,,,,
100107,107,北海冰宫一层[危险],101#1,1,107,267,267,107,10,,,,1,20101#195#281,0,1#2#3#11,1,,1,1,1#2,,1,,,0,,,0,0,1000,1006,1,,,,,,
2011,2011,南明洞一层[安全],101#1,1,2011,170,170,2011,1,,,,1,101#195#281,0,1#2#3#11,1,,1,1,1#2,,1,,,0,,,1,0,,,1,,,,,,
202011,2011,南明洞一层[危险],101#1,1,2011,170,170,2011,2,,,,1,20101#195#281,0,1#2#3#11,1,,1,1,1#2,,1,,,0,,,0,1,1000,1006,1,,,,,,
302011,2011,南明洞一层[危险],101#1,1,2011,170,170,2011,3,,,,1,20101#195#281,0,1#2#3#11,1,,1,1,1#2,,1,,,0,,,0,1,1000,1006,1,,,,,,
402011,2011,南明洞一层[危险],101#1,1,2011,170,170,2011,4,,,,1,20101#195#281,0,1#2#3#11,1,,1,1,1#2,,1,,,0,,,0,0,1000,1006,1,,,,,,
502011,2011,南明洞一层[危险],101#1,1,2011,170,170,2011,5,,,,1,20101#195#281,0,1#2#3#11,1,,1,1,1#2,,1,,,0,,,0,1,1000,1006,1,,,,,,
602011,2011,南明洞一层[危险],101#1,1,2011,170,170,2011,6,,,,1,20101#195#281,0,1#2#3#11,1,,1,1,1#2,,1,,,0,,,0,1,1000,1006,1,,,,,,
702011,2011,南明洞一层[危险],101#1,1,2011,170,170,2011,7,,,,1,20101#195#281,0,1#2#3#11,1,,1,1,1#2,,1,,,0,,,0,0,1000,1006,1,,,,,,
802011,2011,南明洞一层[危险],101#1,1,2011,170,170,2011,8,,,,1,20101#195#281,0,1#2#3#11,1,,1,1,1#2,,1,,,0,,,0,1,1000,1006,1,,,,,,
902011,2011,南明洞一层[危险],101#1,1,2011,170,170,2011,9,,,,1,20101#195#281,0,1#2#3#11,1,,1,1,1#2,,1,,,0,,,0,1,1000,1006,1,,,,,,
1002011,2011,南明洞一层[危险],101#1,1,2011,170,170,2011,10,,,,1,20101#195#281,0,1#2#3#11,1,,1,1,1#2,,1,,,0,,,0,0,1000,1006,1,,,,,,
2021,2021,南明洞二层[安全],101#1,1,2021,170,170,2021,1,,,,1,101#195#281,0,1#2#3#11,1,,1,1,1#2,,1,,,0,,,1,0,,,1,,,,,,
202021,2021,南明洞二层[危险],101#1,1,2021,170,170,2021,2,,,,1,20101#195#281,0,1#2#3#11,1,,1,1,1#2,,1,,,0,,,0,1,1000,1006,1,,,,,,
302021,2021,南明洞二层[危险],101#1,1,2021,170,170,2021,3,,,,1,20101#195#281,0,1#2#3#11,1,,1,1,1#2,,1,,,0,,,0,1,1000,1006,1,,,,,,
402021,2021,南明洞二层[危险],101#1,1,2021,170,170,2021,4,,,,1,20101#195#281,0,1#2#3#11,1,,1,1,1#2,,1,,,0,,,0,0,1000,1006,1,,,,,,
502021,2021,南明洞二层[危险],101#1,1,2021,170,170,2021,5,,,,1,20101#195#281,0,1#2#3#11,1,,1,1,1#2,,1,,,0,,,0,1,1000,1006,1,,,,,,
602021,2021,南明洞二层[危险],101#1,1,2021,170,170,2021,6,,,,1,20101#195#281,0,1#2#3#11,1,,1,1,1#2,,1,,,0,,,0,1,1000,1006,1,,,,,,
702021,2021,南明洞二层[危险],101#1,1,2021,170,170,2021,7,,,,1,20101#195#281,0,1#2#3#11,1,,1,1,1#2,,1,,,0,,,0,0,1000,1006,1,,,,,,
802021,2021,南明洞二层[危险],101#1,1,2021,170,170,2021,8,,,,1,20101#195#281,0,1#2#3#11,1,,1,1,1#2,,1,,,0,,,0,1,1000,1006,1,,,,,,
902021,2021,南明洞二层[危险],101#1,1,2021,170,170,2021,9,,,,1,20101#195#281,0,1#2#3#11,1,,1,1,1#2,,1,,,0,,,0,1,1000,1006,1,,,,,,
1002021,2021,南明洞二层[危险],101#1,1,2021,170,170,2021,10,,,,1,20101#195#281,0,1#2#3#11,1,,1,1,1#2,,1,,,0,,,0,0,1000,1006,1,,,,,,
2031,2031,南明洞三层[安全],101#1,1,2031,170,170,2031,1,,,,1,101#195#281,0,1#2#3#11,1,,1,1,1#2,,1,,,0,,,1,0,,,1,,,,,,
202031,2031,南明洞三层[危险],101#1,1,2031,170,170,2031,2,,,,1,20101#195#281,0,1#2#3#11,1,,1,1,1#2,,1,,,0,,,0,1,1000,1006,1,,,,,,
302031,2031,南明洞三层[危险],101#1,1,2031,170,170,2031,3,,,,1,20101#195#281,0,1#2#3#11,1,,1,1,1#2,,1,,,0,,,0,1,1000,1006,1,,,,,,
402031,2031,南明洞三层[危险],101#1,1,2031,170,170,2031,4,,,,1,20101#195#281,0,1#2#3#11,1,,1,1,1#2,,1,,,0,,,0,0,1000,1006,1,,,,,,
502031,2031,南明洞三层[危险],101#1,1,2031,170,170,2031,5,,,,1,20101#195#281,0,1#2#3#11,1,,1,1,1#2,,1,,,0,,,0,1,1000,1006,1,,,,,,
602031,2031,南明洞三层[危险],101#1,1,2031,170,170,2031,6,,,,1,20101#195#281,0,1#2#3#11,1,,1,1,1#2,,1,,,0,,,0,1,1000,1006,1,,,,,,
702031,2031,南明洞三层[危险],101#1,1,2031,170,170,2031,7,,,,1,20101#195#281,0,1#2#3#11,1,,1,1,1#2,,1,,,0,,,0,0,1000,1006,1,,,,,,
802031,2031,南明洞三层[危险],101#1,1,2031,170,170,2031,8,,,,1,20101#195#281,0,1#2#3#11,1,,1,1,1#2,,1,,,0,,,0,1,1000,1006,1,,,,,,
902031,2031,南明洞三层[危险],101#1,1,2031,170,170,2031,9,,,,1,20101#195#281,0,1#2#3#11,1,,1,1,1#2,,1,,,0,,,0,1,1000,1006,1,,,,,,
1002031,2031,南明洞三层[危险],101#1,1,2031,170,170,2031,10,,,,1,20101#195#281,0,1#2#3#11,1,,1,1,1#2,,1,,,0,,,0,0,1000,1006,1,,,,,,
1081,1081,北海冰宫二层[安全],101#1,1,1081,260,226,1081,1,,,,1,101#195#281,0,1#2#3#11,1,,1,1,1#2,,1,,,0,,,1,0,,,1,,,,,,
201081,1081,北海冰宫二层[危险],101#1,1,1081,260,226,1081,2,,,,1,20101#195#281,0,1#2#3#11,1,,1,1,1#2,,1,,,0,,,0,1,1000,1006,1,,,,,,
301081,1081,北海冰宫二层[危险],101#1,1,1081,260,226,1081,3,,,,1,20101#195#281,0,1#2#3#11,1,,1,1,1#2,,1,,,0,,,0,1,1000,1006,1,,,,,,
401081,1081,北海冰宫二层[危险],101#1,1,1081,260,226,1081,4,,,,1,20101#195#281,0,1#2#3#11,1,,1,1,1#2,,1,,,0,,,0,0,1000,1006,1,,,,,,
501081,1081,北海冰宫二层[危险],101#1,1,1081,260,226,1081,5,,,,1,20101#195#281,0,1#2#3#11,1,,1,1,1#2,,1,,,0,,,0,1,1000,1006,1,,,,,,
601081,1081,北海冰宫二层[危险],101#1,1,1081,260,226,1081,6,,,,1,20101#195#281,0,1#2#3#11,1,,1,1,1#2,,1,,,0,,,0,1,1000,1006,1,,,,,,
701081,1081,北海冰宫二层[危险],101#1,1,1081,260,226,1081,7,,,,1,20101#195#281,0,1#2#3#11,1,,1,1,1#2,,1,,,0,,,0,0,1000,1006,1,,,,,,
801081,1081,北海冰宫二层[危险],101#1,1,1081,260,226,1081,8,,,,1,20101#195#281,0,1#2#3#11,1,,1,1,1#2,,1,,,0,,,0,1,1000,1006,1,,,,,,
901081,1081,北海冰宫二层[危险],101#1,1,1081,260,226,1081,9,,,,1,20101#195#281,0,1#2#3#11,1,,1,1,1#2,,1,,,0,,,0,1,1000,1006,1,,,,,,
1001081,1081,北海冰宫二层[危险],101#1,1,1081,260,226,1081,10,,,,1,20101#195#281,0,1#2#3#11,1,,1,1,1#2,,1,,,0,,,0,0,1000,1006,1,,,,,,
1082,1082,北海冰宫三层[安全],101#1,1,1082,260,226,1082,1,,,,1,101#195#281,0,1#2#3#11,1,,1,1,1#2,,1,,,0,,,1,0,,,1,,,,,,
201082,1082,北海冰宫三层[危险],101#1,1,1082,260,226,1082,2,,,,1,20101#195#281,0,1#2#3#11,1,,1,1,1#2,,1,,,0,,,0,1,1000,1006,1,,,,,,
301082,1082,北海冰宫三层[危险],101#1,1,1082,260,226,1082,3,,,,1,20101#195#281,0,1#2#3#11,1,,1,1,1#2,,1,,,0,,,0,1,1000,1006,1,,,,,,
401082,1082,北海冰宫三层[危险],101#1,1,1082,260,226,1082,4,,,,1,20101#195#281,0,1#2#3#11,1,,1,1,1#2,,1,,,0,,,0,0,1000,1006,1,,,,,,
501082,1082,北海冰宫三层[危险],101#1,1,1082,260,226,1082,5,,,,1,20101#195#281,0,1#2#3#11,1,,1,1,1#2,,1,,,0,,,0,1,1000,1006,1,,,,,,
601082,1082,北海冰宫三层[危险],101#1,1,1082,260,226,1082,6,,,,1,20101#195#281,0,1#2#3#11,1,,1,1,1#2,,1,,,0,,,0,1,1000,1006,1,,,,,,
701082,1082,北海冰宫三层[危险],101#1,1,1082,260,226,1082,7,,,,1,20101#195#281,0,1#2#3#11,1,,1,1,1#2,,1,,,0,,,0,0,1000,1006,1,,,,,,
801082,1082,北海冰宫三层[危险],101#1,1,1082,260,226,1082,8,,,,1,20101#195#281,0,1#2#3#11,1,,1,1,1#2,,1,,,0,,,0,1,1000,1006,1,,,,,,
901082,1082,北海冰宫三层[危险],101#1,1,1082,260,226,1082,9,,,,1,20101#195#281,0,1#2#3#11,1,,1,1,1#2,,1,,,0,,,0,1,1000,1006,1,,,,,,
1001082,1082,北海冰宫三层[危险],101#1,1,1082,260,226,1082,10,,,,1,20101#195#281,0,1#2#3#11,1,,1,1,1#2,,1,,,0,,,0,0,1000,1006,1,,,,,,
114,114,南林[安全],101#1,1,114,248,245,114,1,,,,1,101#195#281,0,1#2#3#11,1,,1,1,1#2,,1,,,0,,,1,0,,,1,,,,,,
20114,114,南林[危险],101#1,1,114,248,245,114,2,,,,1,20101#195#281,0,1#2#3#11,1,,1,1,1#2,,1,,,0,,,0,1,1000,1006,1,,,,,,
30114,114,南林[危险],101#1,1,114,248,245,114,3,,,,1,20101#195#281,0,1#2#3#11,1,,1,1,1#2,,1,,,0,,,0,1,1000,1006,1,,,,,,
40114,114,南林[危险],101#1,1,114,248,245,114,4,,,,1,20101#195#281,0,1#2#3#11,1,,1,1,1#2,,1,,,0,,,0,0,1000,1006,1,,,,,,
50114,114,南林[危险],101#1,1,114,248,245,114,5,,,,1,20101#195#281,0,1#2#3#11,1,,1,1,1#2,,1,,,0,,,0,1,1000,1006,1,,,,,,
60114,114,南林[危险],101#1,1,114,248,245,114,6,,,,1,20101#195#281,0,1#2#3#11,1,,1,1,1#2,,1,,,0,,,0,1,1000,1006,1,,,,,,
70114,114,南林[危险],101#1,1,114,248,245,114,7,,,,1,20101#195#281,0,1#2#3#11,1,,1,1,1#2,,1,,,0,,,0,0,1000,1006,1,,,,,,
80114,114,南林[危险],101#1,1,114,248,245,114,8,,,,1,20101#195#281,0,1#2#3#11,1,,1,1,1#2,,1,,,0,,,0,1,1000,1006,1,,,,,,
90114,114,南林[危险],101#1,1,114,248,245,114,9,,,,1,20101#195#281,0,1#2#3#11,1,,1,1,1#2,,1,,,0,,,0,1,1000,1006,1,,,,,,
100114,114,南林[危险],101#1,1,114,248,245,114,10,,,,1,20101#195#281,0,1#2#3#11,1,,1,1,1#2,,1,,,0,,,0,0,1000,1006,1,,,,,,
1152,1152,南林二层[安全],101#1,1,1152,230,230,1152,1,,,,1,101#195#281,0,1#2#3#11,1,,1,1,1#2,,1,,,0,,,1,0,,,1,,,,,,
201152,1152,南林二层[危险],101#1,1,1152,230,230,1152,2,,,,1,20101#195#281,0,1#2#3#11,1,,1,1,1#2,,1,,,0,,,0,1,1000,1006,1,,,,,,
301152,1152,南林二层[危险],101#1,1,1152,230,230,1152,3,,,,1,20101#195#281,0,1#2#3#11,1,,1,1,1#2,,1,,,0,,,0,1,1000,1006,1,,,,,,
401152,1152,南林二层[危险],101#1,1,1152,230,230,1152,4,,,,1,20101#195#281,0,1#2#3#11,1,,1,1,1#2,,1,,,0,,,0,0,1000,1006,1,,,,,,
501152,1152,南林二层[危险],101#1,1,1152,230,230,1152,5,,,,1,20101#195#281,0,1#2#3#11,1,,1,1,1#2,,1,,,0,,,0,1,1000,1006,1,,,,,,
601152,1152,南林二层[危险],101#1,1,1152,230,230,1152,6,,,,1,20101#195#281,0,1#2#3#11,1,,1,1,1#2,,1,,,0,,,0,1,1000,1006,1,,,,,,
701152,1152,南林二层[危险],101#1,1,1152,230,230,1152,7,,,,1,20101#195#281,0,1#2#3#11,1,,1,1,1#2,,1,,,0,,,0,0,1000,1006,1,,,,,,
801152,1152,南林二层[危险],101#1,1,1152,230,230,1152,8,,,,1,20101#195#281,0,1#2#3#11,1,,1,1,1#2,,1,,,0,,,0,1,1000,1006,1,,,,,,
901152,1152,南林二层[危险],101#1,1,1152,230,230,1152,9,,,,1,20101#195#281,0,1#2#3#11,1,,1,1,1#2,,1,,,0,,,0,1,1000,1006,1,,,,,,
1001152,1152,南林二层[危险],101#1,1,1152,230,230,1152,10,,,,1,20101#195#281,0,1#2#3#11,1,,1,1,1#2,,1,,,0,,,0,0,1000,1006,1,,,,,,
1153,1153,南林三层[安全],101#1,1,1153,230,230,1153,1,,,,1,101#195#281,0,1#2#3#11,1,,1,1,1#2,,1,,,0,,,1,0,,,1,,,,,,
201153,1153,南林三层[危险],101#1,1,1153,230,230,1153,2,,,,1,20101#195#281,0,1#2#3#11,1,,1,1,1#2,,1,,,0,,,0,1,1000,1006,1,,,,,,
301153,1153,南林三层[危险],101#1,1,1153,230,230,1153,3,,,,1,20101#195#281,0,1#2#3#11,1,,1,1,1#2,,1,,,0,,,0,1,1000,1006,1,,,,,,
401153,1153,南林三层[危险],101#1,1,1153,230,230,1153,4,,,,1,20101#195#281,0,1#2#3#11,1,,1,1,1#2,,1,,,0,,,0,0,1000,1006,1,,,,,,
501153,1153,南林三层[危险],101#1,1,1153,230,230,1153,5,,,,1,20101#195#281,0,1#2#3#11,1,,1,1,1#2,,1,,,0,,,0,1,1000,1006,1,,,,,,
601153,1153,南林三层[危险],101#1,1,1153,230,230,1153,6,,,,1,20101#195#281,0,1#2#3#11,1,,1,1,1#2,,1,,,0,,,0,1,1000,1006,1,,,,,,
701153,1153,南林三层[危险],101#1,1,1153,230,230,1153,7,,,,1,20101#195#281,0,1#2#3#11,1,,1,1,1#2,,1,,,0,,,0,0,1000,1006,1,,,,,,
801153,1153,南林三层[危险],101#1,1,1153,230,230,1153,8,,,,1,20101#195#281,0,1#2#3#11,1,,1,1,1#2,,1,,,0,,,0,1,1000,1006,1,,,,,,
901153,1153,南林三层[危险],101#1,1,1153,230,230,1153,9,,,,1,20101#195#281,0,1#2#3#11,1,,1,1,1#2,,1,,,0,,,0,1,1000,1006,1,,,,,,
1001153,1153,南林三层[危险],101#1,1,1153,230,230,1153,10,,,,1,20101#195#281,0,1#2#3#11,1,,1,1,1#2,,1,,,0,,,0,0,1000,1006,1,,,,,,
116,116,虎峡谷[安全],101#1,1,116,400,400,116,1,,,,1,101#195#281,0,1#2#3#11,1,,1,1,1#2,,1,,,0,,,1,0,,,1,,,,,,
20116,116,虎峡谷[危险],101#1,1,116,400,400,116,2,,,,1,20101#195#281,0,1#2#3#11,1,,1,1,1#2,,1,,,0,,,0,1,1000,1006,1,,,,,,
30116,116,虎峡谷[危险],101#1,1,116,400,400,116,3,,,,1,20101#195#281,0,1#2#3#11,1,,1,1,1#2,,1,,,0,,,0,1,1000,1006,1,,,,,,
40116,116,虎峡谷[危险],101#1,1,116,400,400,116,4,,,,1,20101#195#281,0,1#2#3#11,1,,1,1,1#2,,1,,,0,,,0,0,1000,1006,1,,,,,,
50116,116,虎峡谷[危险],101#1,1,116,400,400,116,5,,,,1,20101#195#281,0,1#2#3#11,1,,1,1,1#2,,1,,,0,,,0,1,1000,1006,1,,,,,,
60116,116,虎峡谷[危险],101#1,1,116,400,400,116,6,,,,1,20101#195#281,0,1#2#3#11,1,,1,1,1#2,,1,,,0,,,0,1,1000,1006,1,,,,,,
70116,116,虎峡谷[危险],101#1,1,116,400,400,116,7,,,,1,20101#195#281,0,1#2#3#11,1,,1,1,1#2,,1,,,0,,,0,0,1000,1006,1,,,,,,
80116,116,虎峡谷[危险],101#1,1,116,400,400,116,8,,,,1,20101#195#281,0,1#2#3#11,1,,1,1,1#2,,1,,,0,,,0,1,1000,1006,1,,,,,,
90116,116,虎峡谷[危险],101#1,1,116,400,400,116,9,,,,1,20101#195#281,0,1#2#3#11,1,,1,1,1#2,,1,,,0,,,0,1,1000,1006,1,,,,,,
100116,116,虎峡谷[危险],101#1,1,116,400,400,116,10,,,,1,20101#195#281,0,1#2#3#11,1,,1,1,1#2,,1,,,0,,,0,0,1000,1006,1,,,,,,
117,117,虎峡谷二层[安全],101#1,1,117,230,201,117,1,,,,1,101#195#281,0,1#2#3#11,1,,1,1,1#2,,1,,,0,,,1,0,,,1,,,,,,
20117,117,虎峡谷二层[危险],101#1,1,117,230,201,117,2,,,,1,20101#195#281,0,1#2#3#11,1,,1,1,1#2,,1,,,0,,,0,1,1000,1006,1,,,,,,
30117,117,虎峡谷二层[危险],101#1,1,117,230,201,117,3,,,,1,20101#195#281,0,1#2#3#11,1,,1,1,1#2,,1,,,0,,,0,1,1000,1006,1,,,,,,
40117,117,虎峡谷二层[危险],101#1,1,117,230,201,117,4,,,,1,20101#195#281,0,1#2#3#11,1,,1,1,1#2,,1,,,0,,,0,0,1000,1006,1,,,,,,
50117,117,虎峡谷二层[危险],101#1,1,117,230,201,117,5,,,,1,20101#195#281,0,1#2#3#11,1,,1,1,1#2,,1,,,0,,,0,1,1000,1006,1,,,,,,
60117,117,虎峡谷二层[危险],101#1,1,117,230,201,117,6,,,,1,20101#195#281,0,1#2#3#11,1,,1,1,1#2,,1,,,0,,,0,1,1000,1006,1,,,,,,
70117,117,虎峡谷二层[危险],101#1,1,117,230,201,117,7,,,,1,20101#195#281,0,1#2#3#11,1,,1,1,1#2,,1,,,0,,,0,0,1000,1006,1,,,,,,
80117,117,虎峡谷二层[危险],101#1,1,117,230,201,117,8,,,,1,20101#195#281,0,1#2#3#11,1,,1,1,1#2,,1,,,0,,,0,1,1000,1006,1,,,,,,
90117,117,虎峡谷二层[危险],101#1,1,117,230,201,117,9,,,,1,20101#195#281,0,1#2#3#11,1,,1,1,1#2,,1,,,0,,,0,1,1000,1006,1,,,,,,
100117,117,虎峡谷二层[危险],101#1,1,117,230,201,117,10,,,,1,20101#195#281,0,1#2#3#11,1,,1,1,1#2,,1,,,0,,,0,0,1000,1006,1,,,,,,
1171,1171,虎峡谷三层[安全],101#1,1,1171,230,201,1171,1,,,,1,101#195#281,0,1#2#3#11,1,,1,1,1#2,,1,,,0,,,1,0,,,1,,,,,,
201171,1171,虎峡谷三层[危险],101#1,1,1171,230,201,1171,2,,,,1,20101#195#281,0,1#2#3#11,1,,1,1,1#2,,1,,,0,,,0,1,1000,1006,1,,,,,,
301171,1171,虎峡谷三层[危险],101#1,1,1171,230,201,1171,3,,,,1,20101#195#281,0,1#2#3#11,1,,1,1,1#2,,1,,,0,,,0,1,1000,1006,1,,,,,,
401171,1171,虎峡谷三层[危险],101#1,1,1171,230,201,1171,4,,,,1,20101#195#281,0,1#2#3#11,1,,1,1,1#2,,1,,,0,,,0,0,1000,1006,1,,,,,,
501171,1171,虎峡谷三层[危险],101#1,1,1171,230,201,1171,5,,,,1,20101#195#281,0,1#2#3#11,1,,1,1,1#2,,1,,,0,,,0,1,1000,1006,1,,,,,,
601171,1171,虎峡谷三层[危险],101#1,1,1171,230,201,1171,6,,,,1,20101#195#281,0,1#2#3#11,1,,1,1,1#2,,1,,,0,,,0,1,1000,1006,1,,,,,,
701171,1171,虎峡谷三层[危险],101#1,1,1171,230,201,1171,7,,,,1,20101#195#281,0,1#2#3#11,1,,1,1,1#2,,1,,,0,,,0,0,1000,1006,1,,,,,,
801171,1171,虎峡谷三层[危险],101#1,1,1171,230,201,1171,8,,,,1,20101#195#281,0,1#2#3#11,1,,1,1,1#2,,1,,,0,,,0,1,1000,1006,1,,,,,,
901171,1171,虎峡谷三层[危险],101#1,1,1171,230,201,1171,9,,,,1,20101#195#281,0,1#2#3#11,1,,1,1,1#2,,1,,,0,,,0,1,1000,1006,1,,,,,,
1001171,1171,虎峡谷三层[危险],101#1,1,1171,230,201,1171,10,,,,1,20101#195#281,0,1#2#3#11,1,,1,1,1#2,,1,,,0,,,0,0,1000,1006,1,,,,,,
213,213,伏魔洞一层,101#80,2,213,600,600,213,1,,,,1,101#195#281,0,1#2#3#11,1,,1,1,1#2,,1,,,0,等级达到80级可进入,,1,,,,1,,,,,,
2131,2131,伏魔洞二层(跨),4401#245#40,2,2131,600,600,2131,1,,,,2,101#195#281,0,1#2#3#11,1,,1,1,1#2,,1,,,0,伏魔值达到40可进入,,1,,,,1,,,,,,
2132,2132,伏魔洞三层(跨),4401#245#80,2,2132,600,600,2132,1,,,,2,101#195#281,0,1#2#3#11,1,,1,1,1#2,,1,,,0,伏魔值达到80可进入,,1,,,,1,,,,,,
209,209,山鬼副本,101#1,2,209,64,64,209,0,,,1,1,101#195#281,0,1#2#3#11,1,1371001,1,,,1,,1,,0,,,1,,,,0,,,,,,
20901,20901,山贼首领副本,101#1,2,20901,64,64,20901,0,,,1,1,101#195#281,0,1#2#3#11,1,1371001,1,,,1,,1,,0,,,1,,,,0,,,,,,
20902,20902,火贼头目副本,101#1,2,20902,64,64,20902,0,,,1,1,101#195#281,0,1#2#3#11,1,1371001,1,,,1,,1,,0,,,1,,,,0,,,,,,
20903,20903,绿林寨头目副本,101#1,2,20903,64,64,20903,0,,,1,1,101#195#281,0,1#2#3#11,1,1371001,1,,,1,,1,,0,,,1,,,,0,,,,,,
20904,20904,魔血狂刀申由副本,101#1,2,20904,64,64,20904,0,,,1,1,101#195#281,0,1#2#3#11,1,1371001,1,,,1,,1,,0,,,1,,,,0,,,,,,
20905,20905,千年树妖王副本,101#1,2,20905,64,64,20905,0,,,1,1,101#195#281,0,1#2#3#11,1,1371001,1,,,1,,1,,0,,,1,,,,0,,,,,,
20906,20906,脚都副本,101#1,2,20906,64,64,20906,0,,,1,1,101#195#281,0,1#2#3#11,1,1371001,1,,,1,,1,,0,,,1,,,,0,,,,,,
20907,20907,美娘副本,101#1,2,20907,64,64,20907,0,,,1,1,101#195#281,0,1#2#3#11,1,1371001,1,,,1,,1,,0,,,1,,,,0,,,,,,
20908,20908,铁血将军副本,101#1,2,20908,64,64,20908,0,,,1,1,101#195#281,0,1#2#3#11,1,1371001,1,,,1,,1,,0,,,1,,,,0,,,,,,
20909,20909,月宫姮娥影子副本,101#1,2,20909,64,64,20909,0,,,1,1,101#195#281,0,1#2#3#11,1,1371001,1,,,1,,1,,0,,,1,,,,0,,,,,,
20910,20910,魔煞狂鹿王副本,101#1,2,20910,64,64,20910,0,,,1,1,101#195#281,0,1#2#3#11,1,1371001,1,,,1,,1,,0,,,1,,,,0,,,,,,
20911,20911,摘星刀胡飞副本,101#1,2,20911,64,64,20911,0,,,1,1,101#195#281,0,1#2#3#11,1,1371001,1,,,1,,1,,0,,,1,,,,0,,,,,,
20912,20912,魔灵鬼魔副本,101#1,2,20912,64,64,20912,0,,,1,1,101#195#281,0,1#2#3#11,1,1371001,1,,,1,,1,,0,,,1,,,,0,,,,,,
115,115,江湖乱斗,101#1,1,115,230,230,115,0,,,1,3,115#0#0,0,10#14,1,,1,,,,,1,1,0,,,,,,,0,,,,,,1
20801,20801,江湖乱斗,101#1,2,20801,87,87,20801,0,,,1,1,20801#0#0,0,10#14,1,,1,,,,,1,1,0,,,,,,,0,,,,,,1
20802,20802,江湖乱斗(跨),101#1,2,20802,87,87,20802,0,,,1,2,20801#0#0,0,10#14,1,,1,,,,,1,1,0,,,,,,,0,,,,,,1
10101,10101,泫渤派(跨),101#1,1,10101,417,358,10101,1,,,,1,101#195#281,0,1#2#3#11,1,,1,,1#2,1,,,,0,,,1,,,,1,1,,,,,1
21301,21301,跨服门派战,821#1,2,21301,600,600,21301,1,,,1,2,101#195#281,0,15,1,,1,,1#2,1,,,1,0,,,0,,,,1,1,,,,,1
217001,217001,世外武林一层[危险],101#100,1,217001,230,230,217001,1,,,,1,101#195#281,0,1#2#3#11,1,,1,1,1#2,,1,,,0,,,0,1,1000,,1,,,,,,
20217001,217001,世外武林一层[危险],4111#7&101#100,1,217001,230,230,217001,2,,,,1,101#195#281,0,1#2#3#11,1,,1,1,1#2,,1,,,0,侠客令7阶可进入,,0,1,3000,,1,,,,,,
217002,217002,世外武林二层[危险],101#105&6201#30,1,217002,240,230,217002,1,,,,1,101#195#281,0,1#2#3#11,1,,1,1,1#2,,1,,,0,,,0,1,1000,,1,,,,,,
20217002,217002,世外武林二层[危险],4111#17&101#105&6201#30,1,217002,240,230,217002,2,,,,1,101#195#281,0,1#2#3#11,1,,1,1,1#2,,1,,,0,侠客令17阶可进入,,0,1,3000,,1,,,,,,
217003,217003,世外武林三层[危险],101#110&6201#60,1,217003,235,235,217003,1,,,,1,101#195#281,0,1#2#3#11,1,,1,1,1#2,,1,,,0,,,0,1,1000,,1,,,,,,
20217003,217003,世外武林三层[危险],4111#27&101#110&6201#60,1,217003,235,235,217003,2,,,,1,101#195#281,0,1#2#3#11,1,,1,1,1#2,,1,,,0,侠客令27阶可进入,,0,1,3000,,1,,,,,,
217004,217004,世外武林四层[危险],101#115&6201#90,1,217004,230,230,217004,1,,,,1,101#195#281,0,1#2#3#11,1,,1,1,1#2,,1,,,0,,,0,1,1000,,1,,,,,,
20217004,217004,世外武林四层[危险],4111#37&101#110&6201#90,1,217004,230,230,217004,2,,,,1,101#195#281,0,1#2#3#11,1,,1,1,1#2,,1,,,0,侠客令37阶可进入,,0,1,3000,,1,,,,,,
217005,217005,世外武林五层[危险],101#115&6201#90,1,217005,230,230,217005,1,,,,1,101#195#281,0,1#2#3#11,1,,1,1,1#2,,1,,,0,,,0,1,1000,,1,,,,,,
20217005,217005,世外武林五层[危险],4111#37&101#110&6201#90,1,217005,230,230,217005,2,,,,1,101#195#281,0,1#2#3#11,1,,1,1,1#2,,1,,,0,侠客令47阶可进入,,0,1,3000,,1,,,,,,
20217006,217006,选角,101#1,1,CharacterSelect,24,36,217006,1,,,,1,101#195#281,0,1#2#3#11,1,,1,1,1#2,,1,,,0,侠客令47阶可进入,,0,1,3000,,1,,,,,,
20217007,217007,地下城,101#1,1,Dungeon,26,26,217007,1,,,,1,101#195#281,0,1#2#3#11,1,,1,1,1#2,,1,,,0,侠客令47阶可进入,,0,1,3000,,1,,,,,,